[
  {
    "s3Key": "99b7916c-0d51-401f-b55c-08aceee38d90_1.png",
    "payloadMediaID": null,
    "newS3Url": null,
    "status": "failed",
    "error": "Failed to create Payload record (400): {\"errors\":[{\"name\":\"h\",\"data\":{\"errors\":[{\"message\":\"Value must be unique\",\"path\":\"filename\"}]},\"message\":\"The following field is invalid: filename\"}]}",
    "attempts": 3
  },
  {
    "s3Key": "09a95baa-93e9-44c3-bdc4-d6ff9f95c0d3_2.png",
    "payloadMediaID": null,
    "newS3Url": null,
    "status": "failed",
    "error": "Failed to create Payload record (400): {\"errors\":[{\"name\":\"h\",\"data\":{\"errors\":[{\"message\":\"Value must be unique\",\"path\":\"filename\"}]},\"message\":\"The following field is invalid: filename\"}]}",
    "attempts": 3
  },
  {
    "s3Key": "c2466660-9ba1-4939-b007-a67073abbe28_3.png",
    "payloadMediaID": 484,
    "newS3Url": "https://kiuli-bucket.s3.eu-north-1.amazonaws.com/680dff493cf205005cf76e8f_c2466660-9ba1-4939-b007-a67073abbe28_3.png",
    "status": "success",
    "attempts": 1
  },
  {
    "s3Key": "30cc8051-2dec-40b6-9d3a-608732dd121b_4.png",
    "payloadMediaID": 485,
    "newS3Url": "https://kiuli-bucket.s3.eu-north-1.amazonaws.com/680dff493cf205005cf76e8f_30cc8051-2dec-40b6-9d3a-608732dd121b_4.png",
    "status": "success",
    "attempts": 1
  },
  {
    "s3Key": "3c6a9b4b-059b-4936-a2ee-db7197da288a_5.png",
    "payloadMediaID": 486,
    "newS3Url": "https://kiuli-bucket.s3.eu-north-1.amazonaws.com/680dff493cf205005cf76e8f_3c6a9b4b-059b-4936-a2ee-db7197da288a_5.png",
    "status": "success",
    "attempts": 1
  },
  {
    "s3Key": "bc017bad-7b0a-46f9-8ddd-0a02e40d988e_6.png",
    "payloadMediaID": 487,
    "newS3Url": "https://kiuli-bucket.s3.eu-north-1.amazonaws.com/680dff493cf205005cf76e8f_bc017bad-7b0a-46f9-8ddd-0a02e40d988e_6.png",
    "status": "success",
    "attempts": 1
  },
  {
    "s3Key": "e4eeb47f-2647-40c1-a8a2-9bde27941ab0_7.png",
    "payloadMediaID": 488,
    "newS3Url": "https://kiuli-bucket.s3.eu-north-1.amazonaws.com/680dff493cf205005cf76e8f_e4eeb47f-2647-40c1-a8a2-9bde27941ab0_7.png",
    "status": "success",
    "attempts": 1
  },
  {
    "s3Key": "5ccbf235-7d9c-4ec0-afc4-246074eeff30_8.png",
    "payloadMediaID": 489,
    "newS3Url": "https://kiuli-bucket.s3.eu-north-1.amazonaws.com/680dff493cf205005cf76e8f_5ccbf235-7d9c-4ec0-afc4-246074eeff30_8.png",
    "status": "success",
    "attempts": 1
  },
  {
    "s3Key": "9f788d9d-b258-4186-81e5-c8b5c886575d_9.png",
    "payloadMediaID": 490,
    "newS3Url": "https://kiuli-bucket.s3.eu-north-1.amazonaws.com/680dff493cf205005cf76e8f_9f788d9d-b258-4186-81e5-c8b5c886575d_9.png",
    "status": "success",
    "attempts": 1
  },
  {
    "s3Key": "c06256e0-71c5-486f-9011-991862ac9ce1_10.png",
    "payloadMediaID": 491,
    "newS3Url": "https://kiuli-bucket.s3.eu-north-1.amazonaws.com/680dff493cf205005cf76e8f_c06256e0-71c5-486f-9011-991862ac9ce1_10.png",
    "status": "success",
    "attempts": 1
  },
  {
    "s3Key": "f2d71bc5-fe63-4f3c-a0cb-dcf9ad614d78__silverless_elewana_loisaba_lodo_springs_368-upscale.jpeg",
    "payloadMediaID": 492,
    "newS3Url": "https://kiuli-bucket.s3.eu-north-1.amazonaws.com/680dff493cf205005cf76e8f_f2d71bc5-fe63-4f3c-a0cb-dcf9ad614d78__silverless_elewana_loisaba_lodo_springs_368-upscale.jpeg",
    "status": "success",
    "attempts": 1
  },
  {
    "s3Key": "12c10e65-73ef-4eab-bacf-96e01c344cf4_elewana_lodo_springs_-_accommodation_-_spacious_luxury_tents_-_deck_area-_show_room-upscale.jpeg",
    "payloadMediaID": 493,
    "newS3Url": "https://kiuli-bucket.s3.eu-north-1.amazonaws.com/680dff493cf205005cf76e8f_12c10e65-73ef-4eab-bacf-96e01c344cf4_elewana_lodo_springs_-_accommodation_-_spacious_luxury_tents_-_deck_area-_show_room-upscale.jpeg",
    "status": "success",
    "attempts": 1
  },
  {
    "s3Key": "9a3c5e40-778f-4539-9431-a4e745974d95__silverless_elewana_loisaba_lodo_springs_300-upscale.jpeg",
    "payloadMediaID": 494,
    "newS3Url": "https://kiuli-bucket.s3.eu-north-1.amazonaws.com/680dff493cf205005cf76e8f_9a3c5e40-778f-4539-9431-a4e745974d95__silverless_elewana_loisaba_lodo_springs_300-upscale.jpeg",
    "status": "success",
    "attempts": 1
  },
  {
    "s3Key": "b12405d7-5b9b-4988-bc2c-989a67d424af_elewana_loisba_lodo_springs__activities_-_massage-upscale.jpeg",
    "payloadMediaID": 495,
    "newS3Url": "https://kiuli-bucket.s3.eu-north-1.amazonaws.com/680dff493cf205005cf76e8f_b12405d7-5b9b-4988-bc2c-989a67d424af_elewana_loisba_lodo_springs__activities_-_massage-upscale.jpeg",
    "status": "success",
    "attempts": 1
  },
  {
    "s3Key": "c866d007-8ae7-4074-969e-500326480513__silverless_elewana_loisaba_lodo_springs_413-upscale.jpeg",
    "payloadMediaID": 496,
    "newS3Url": "https://kiuli-bucket.s3.eu-north-1.amazonaws.com/680dff493cf205005cf76e8f_c866d007-8ae7-4074-969e-500326480513__silverless_elewana_loisaba_lodo_springs_413-upscale.jpeg",
    "status": "success",
    "attempts": 1
  },
  {
    "s3Key": "1f13ac2b-42e9-410d-a048-e1694300ab24_elewana_lodo_springs_-_accommodation_-_spacious_luxury_tents_-_bathroom_-_show_room-upscale.jpeg",
    "payloadMediaID": 497,
    "newS3Url": "https://kiuli-bucket.s3.eu-north-1.amazonaws.com/680dff493cf205005cf76e8f_1f13ac2b-42e9-410d-a048-e1694300ab24_elewana_lodo_springs_-_accommodation_-_spacious_luxury_tents_-_bathroom_-_show_room-upscale.jpeg",
    "status": "success",
    "attempts": 1
  },
  {
    "s3Key": "789d8507-e68c-422d-bdb1-ef8c67f28ecd__silverless_elewana_loisaba_lodo_springs_396-upscale.jpeg",
    "payloadMediaID": 498,
    "newS3Url": "https://kiuli-bucket.s3.eu-north-1.amazonaws.com/680dff493cf205005cf76e8f_789d8507-e68c-422d-bdb1-ef8c67f28ecd__silverless_elewana_loisaba_lodo_springs_396-upscale.jpeg",
    "status": "success",
    "attempts": 1
  },
  {
    "s3Key": "c0baa9d9-d403-46a4-906b-ad7a7180d6b7__silverless_elewana_loisaba_lodo_springs_393-upscale.jpeg",
    "payloadMediaID": 499,
    "newS3Url": "https://kiuli-bucket.s3.eu-north-1.amazonaws.com/680dff493cf205005cf76e8f_c0baa9d9-d403-46a4-906b-ad7a7180d6b7__silverless_elewana_loisaba_lodo_springs_393-upscale.jpeg",
    "status": "success",
    "attempts": 1
  },
  {
    "s3Key": "25596576-4f2f-42cb-863d-9188699aa839_elewana_lodo_springs_-_accommodation_-_spacious_luxury_tents-_show_room.-upscale.jpeg",
    "payloadMediaID": 500,
    "newS3Url": "https://kiuli-bucket.s3.eu-north-1.amazonaws.com/680dff493cf205005cf76e8f_25596576-4f2f-42cb-863d-9188699aa839_elewana_lodo_springs_-_accommodation_-_spacious_luxury_tents-_show_room.-upscale.jpeg",
    "status": "success",
    "attempts": 1
  },
  {
    "s3Key": "6b73a0cf-cdbe-4a32-9e50-bddd786326fa__silverless_elewana_loisaba_lodo_springs_395-upscale.jpeg",
    "payloadMediaID": 501,
    "newS3Url": "https://kiuli-bucket.s3.eu-north-1.amazonaws.com/680dff493cf205005cf76e8f_6b73a0cf-cdbe-4a32-9e50-bddd786326fa__silverless_elewana_loisaba_lodo_springs_395-upscale.jpeg",
    "status": "success",
    "attempts": 1
  },
  {
    "s3Key": "9d0e5cbb-187f-462a-9d9f-707577e1dac0_elewana_loisba_lodo_springs__activities-_gamedrive-upscale.jpeg",
    "payloadMediaID": 502,
    "newS3Url": "https://kiuli-bucket.s3.eu-north-1.amazonaws.com/680dff493cf205005cf76e8f_9d0e5cbb-187f-462a-9d9f-707577e1dac0_elewana_loisba_lodo_springs__activities-_gamedrive-upscale.jpeg",
    "status": "success",
    "attempts": 1
  },
  {
    "s3Key": "8ffdf6f3-79eb-4c0c-b78a-c88191ceeab5_elewana_loisba_lodo_springs__activities_-_sundowner-upscale.jpeg",
    "payloadMediaID": 503,
    "newS3Url": "https://kiuli-bucket.s3.eu-north-1.amazonaws.com/680dff493cf205005cf76e8f_8ffdf6f3-79eb-4c0c-b78a-c88191ceeab5_elewana_loisba_lodo_springs__activities_-_sundowner-upscale.jpeg",
    "status": "success",
    "attempts": 1
  },
  {
    "s3Key": "e0a778d5-bcf4-40d9-8395-1fa3504a1a9f__silverless_elewana_loisaba_lodo_springs_357-upscale.jpeg",
    "payloadMediaID": 504,
    "newS3Url": "https://kiuli-bucket.s3.eu-north-1.amazonaws.com/680dff493cf205005cf76e8f_e0a778d5-bcf4-40d9-8395-1fa3504a1a9f__silverless_elewana_loisaba_lodo_springs_357-upscale.jpeg",
    "status": "success",
    "attempts": 1
  },
  {
    "s3Key": "34cf5ec5-bae1-4b68-a9da-e80c98baf66b__silverless_elewana_loisaba_lodo_springs_226-upscale.jpeg",
    "payloadMediaID": 505,
    "newS3Url": "https://kiuli-bucket.s3.eu-north-1.amazonaws.com/680dff493cf205005cf76e8f_34cf5ec5-bae1-4b68-a9da-e80c98baf66b__silverless_elewana_loisaba_lodo_springs_226-upscale.jpeg",
    "status": "success",
    "attempts": 1
  },
  {
    "s3Key": "3e3b8f90-79df-48ae-98ee-9a4dc05dbd0f__silverless_elewana_loisaba_lodo_springs_089-upscale.jpeg",
    "payloadMediaID": 506,
    "newS3Url": "https://kiuli-bucket.s3.eu-north-1.amazonaws.com/680dff493cf205005cf76e8f_3e3b8f90-79df-48ae-98ee-9a4dc05dbd0f__silverless_elewana_loisaba_lodo_springs_089-upscale.jpeg",
    "status": "success",
    "attempts": 1
  },
  {
    "s3Key": "5ac8607a-c783-4bf0-adda-50cde4d51335__silverless_elewana_loisaba_lodo_springs_353-upscale.jpeg",
    "payloadMediaID": 507,
    "newS3Url": "https://kiuli-bucket.s3.eu-north-1.amazonaws.com/680dff493cf205005cf76e8f_5ac8607a-c783-4bf0-adda-50cde4d51335__silverless_elewana_loisaba_lodo_springs_353-upscale.jpeg",
    "status": "success",
    "attempts": 1
  },
  {
    "s3Key": "1a66c7ca-fe34-4891-9d7d-32d8d0e202a1__silverless_elewana_loisaba_lodo_springs_013-upscale.jpeg",
    "payloadMediaID": 508,
    "newS3Url": "https://kiuli-bucket.s3.eu-north-1.amazonaws.com/680dff493cf205005cf76e8f_1a66c7ca-fe34-4891-9d7d-32d8d0e202a1__silverless_elewana_loisaba_lodo_springs_013-upscale.jpeg",
    "status": "success",
    "attempts": 1
  },
  {
    "s3Key": "d529b6e7-656a-45c3-98e5-eb3f9eda5092_1.jpg",
    "payloadMediaID": 509,
    "newS3Url": "https://kiuli-bucket.s3.eu-north-1.amazonaws.com/680dff493cf205005cf76e8f_d529b6e7-656a-45c3-98e5-eb3f9eda5092_1.jpg",
    "status": "success",
    "attempts": 1
  },
  {
    "s3Key": "ea15e4bb-ebaa-45a9-8c02-ee87b1bb6570_9.jpg",
    "payloadMediaID": 510,
    "newS3Url": "https://kiuli-bucket.s3.eu-north-1.amazonaws.com/680dff493cf205005cf76e8f_ea15e4bb-ebaa-45a9-8c02-ee87b1bb6570_9.jpg",
    "status": "success",
    "attempts": 1
  },
  {
    "s3Key": "dbee46ca-971e-4abd-99fc-8df2719476af_4.jpg",
    "payloadMediaID": 511,
    "newS3Url": "https://kiuli-bucket.s3.eu-north-1.amazonaws.com/680dff493cf205005cf76e8f_dbee46ca-971e-4abd-99fc-8df2719476af_4.jpg",
    "status": "success",
    "attempts": 1
  },
  {
    "s3Key": "f1c13e62-1adc-40f6-9bd3-20f3e6ca89b2_14.jpg",
    "payloadMediaID": 512,
    "newS3Url": "https://kiuli-bucket.s3.eu-north-1.amazonaws.com/680dff493cf205005cf76e8f_f1c13e62-1adc-40f6-9bd3-20f3e6ca89b2_14.jpg",
    "status": "success",
    "attempts": 1
  },
  {
    "s3Key": "ef0e54e4-0917-42ab-811f-9788da22c60c_13.jpg",
    "payloadMediaID": 513,
    "newS3Url": "https://kiuli-bucket.s3.eu-north-1.amazonaws.com/680dff493cf205005cf76e8f_ef0e54e4-0917-42ab-811f-9788da22c60c_13.jpg",
    "status": "success",
    "attempts": 1
  },
  {
    "s3Key": "db7192ec-1534-419f-b4e6-504f2fc435bd_8.jpg",
    "payloadMediaID": 514,
    "newS3Url": "https://kiuli-bucket.s3.eu-north-1.amazonaws.com/680dff493cf205005cf76e8f_db7192ec-1534-419f-b4e6-504f2fc435bd_8.jpg",
    "status": "success",
    "attempts": 1
  },
  {
    "s3Key": "47012f43-87a9-40fb-a0d6-52b7c2f10c99_10.jpg",
    "payloadMediaID": 515,
    "newS3Url": "https://kiuli-bucket.s3.eu-north-1.amazonaws.com/680dff493cf205005cf76e8f_47012f43-87a9-40fb-a0d6-52b7c2f10c99_10.jpg",
    "status": "success",
    "attempts": 1
  },
  {
    "s3Key": "8b825eb5-2147-4563-ba13-543abca292fd_2.jpg",
    "payloadMediaID": 516,
    "newS3Url": "https://kiuli-bucket.s3.eu-north-1.amazonaws.com/680dff493cf205005cf76e8f_8b825eb5-2147-4563-ba13-543abca292fd_2.jpg",
    "status": "success",
    "attempts": 1
  },
  {
    "s3Key": "f0a19006-9112-41cd-90dd-a4c54287a06f_5.jpg",
    "payloadMediaID": 517,
    "newS3Url": "https://kiuli-bucket.s3.eu-north-1.amazonaws.com/680dff493cf205005cf76e8f_f0a19006-9112-41cd-90dd-a4c54287a06f_5.jpg",
    "status": "success",
    "attempts": 1
  },
  {
    "s3Key": "8c8c5a65-272d-482d-b104-3db2fafb52d5_7.jpg",
    "payloadMediaID": 518,
    "newS3Url": "https://kiuli-bucket.s3.eu-north-1.amazonaws.com/680dff493cf205005cf76e8f_8c8c5a65-272d-482d-b104-3db2fafb52d5_7.jpg",
    "status": "success",
    "attempts": 1
  },
  {
    "s3Key": "6f48667e-7bd1-40cf-b51a-de5b8ec88708_6.jpg",
    "payloadMediaID": 519,
    "newS3Url": "https://kiuli-bucket.s3.eu-north-1.amazonaws.com/680dff493cf205005cf76e8f_6f48667e-7bd1-40cf-b51a-de5b8ec88708_6.jpg",
    "status": "success",
    "attempts": 1
  },
  {
    "s3Key": "a5000dc7-ec14-4f54-9946-4ba75690eec3_11.jpg",
    "payloadMediaID": 520,
    "newS3Url": "https://kiuli-bucket.s3.eu-north-1.amazonaws.com/680dff493cf205005cf76e8f_a5000dc7-ec14-4f54-9946-4ba75690eec3_11.jpg",
    "status": "success",
    "attempts": 1
  },
  {
    "s3Key": "d2ecc552-d414-425b-ba19-61562e148a23_3.jpg",
    "payloadMediaID": 521,
    "newS3Url": "https://kiuli-bucket.s3.eu-north-1.amazonaws.com/680dff493cf205005cf76e8f_d2ecc552-d414-425b-ba19-61562e148a23_3.jpg",
    "status": "success",
    "attempts": 1
  },
  {
    "s3Key": "1312ff9c-d68e-4b47-97a2-2fea0b04278c_1.png",
    "payloadMediaID": 522,
    "newS3Url": "https://kiuli-bucket.s3.eu-north-1.amazonaws.com/680dff493cf205005cf76e8f_1312ff9c-d68e-4b47-97a2-2fea0b04278c_1.png",
    "status": "success",
    "attempts": 1
  },
  {
    "s3Key": "5624ceb1-8088-4f37-9b6d-94f7f9ef2191_4.png",
    "payloadMediaID": 523,
    "newS3Url": "https://kiuli-bucket.s3.eu-north-1.amazonaws.com/680dff493cf205005cf76e8f_5624ceb1-8088-4f37-9b6d-94f7f9ef2191_4.png",
    "status": "success",
    "attempts": 1
  },
  {
    "s3Key": "07be1bdc-b950-473e-90f7-5507c81e10ee_3.png",
    "payloadMediaID": 524,
    "newS3Url": "https://kiuli-bucket.s3.eu-north-1.amazonaws.com/680dff493cf205005cf76e8f_07be1bdc-b950-473e-90f7-5507c81e10ee_3.png",
    "status": "success",
    "attempts": 1
  },
  {
    "s3Key": "7c9ba6c0-bd49-42c7-87a6-e3ed26ae9e81_2.png",
    "payloadMediaID": 525,
    "newS3Url": "https://kiuli-bucket.s3.eu-north-1.amazonaws.com/680dff493cf205005cf76e8f_7c9ba6c0-bd49-42c7-87a6-e3ed26ae9e81_2.png",
    "status": "success",
    "attempts": 1
  },
  {
    "s3Key": "d45af1a7-2461-452f-9677-30688b797393_4.png",
    "payloadMediaID": 526,
    "newS3Url": "https://kiuli-bucket.s3.eu-north-1.amazonaws.com/680dff493cf205005cf76e8f_d45af1a7-2461-452f-9677-30688b797393_4.png",
    "status": "success",
    "attempts": 1
  },
  {
    "s3Key": "b5c5ff55-268f-4a3b-b0c1-6c5b1b72bc17_6.png",
    "payloadMediaID": 527,
    "newS3Url": "https://kiuli-bucket.s3.eu-north-1.amazonaws.com/680dff493cf205005cf76e8f_b5c5ff55-268f-4a3b-b0c1-6c5b1b72bc17_6.png",
    "status": "success",
    "attempts": 1
  },
  {
    "s3Key": "1ef4b83c-962d-44a6-8923-b862196bc6de_3.png",
    "payloadMediaID": 528,
    "newS3Url": "https://kiuli-bucket.s3.eu-north-1.amazonaws.com/680dff493cf205005cf76e8f_1ef4b83c-962d-44a6-8923-b862196bc6de_3.png",
    "status": "success",
    "attempts": 1
  },
  {
    "s3Key": "538aa30c-980e-4d9f-8879-ffd1629e4828_2.png",
    "payloadMediaID": 529,
    "newS3Url": "https://kiuli-bucket.s3.eu-north-1.amazonaws.com/680dff493cf205005cf76e8f_538aa30c-980e-4d9f-8879-ffd1629e4828_2.png",
    "status": "success",
    "attempts": 1
  },
  {
    "s3Key": "c3c24ec6-45a8-4c42-b8d6-6c6f75a56cfb_1.png",
    "payloadMediaID": 530,
    "newS3Url": "https://kiuli-bucket.s3.eu-north-1.amazonaws.com/680dff493cf205005cf76e8f_c3c24ec6-45a8-4c42-b8d6-6c6f75a56cfb_1.png",
    "status": "success",
    "attempts": 1
  },
  {
    "s3Key": "6d2f2f13-e145-4f6d-8cac-c33960119ee6_5.png",
    "payloadMediaID": 531,
    "newS3Url": "https://kiuli-bucket.s3.eu-north-1.amazonaws.com/680dff493cf205005cf76e8f_6d2f2f13-e145-4f6d-8cac-c33960119ee6_5.png",
    "status": "success",
    "attempts": 1
  },
  {
    "s3Key": "b4db429b-0d77-48bb-a84b-54c91f21cfb7_Migration Wilderness Mara Villas, Kenya-Sep-2020-W.Fortescue1_LR_3.png",
    "payloadMediaID": 532,
    "newS3Url": "https://kiuli-bucket.s3.eu-north-1.amazonaws.com/680dff493cf205005cf76e8f_b4db429b-0d77-48bb-a84b-54c91f21cfb7_Migration Wilderness Mara Villas, Kenya-Sep-2020-W.Fortescue1_LR_3.png",
    "status": "success",
    "attempts": 1
  },
  {
    "s3Key": "99b7916c-0d51-401f-b55c-08aceee38d90_1.png",
    "payloadMediaID": null,
    "newS3Url": null,
    "status": "failed",
    "error": "Failed to create Payload record (400): {\"errors\":[{\"name\":\"h\",\"data\":{\"errors\":[{\"message\":\"Value must be unique\",\"path\":\"filename\"}]},\"message\":\"The following field is invalid: filename\"}]}",
    "attempts": 3
  },
  {
    "s3Key": "09a95baa-93e9-44c3-bdc4-d6ff9f95c0d3_2.png",
    "payloadMediaID": null,
    "newS3Url": null,
    "status": "failed",
    "error": "Failed to create Payload record (400): {\"errors\":[{\"name\":\"h\",\"data\":{\"errors\":[{\"message\":\"Value must be unique\",\"path\":\"filename\"}]},\"message\":\"The following field is invalid: filename\"}]}",
    "attempts": 3
  },
  {
    "s3Key": "c2466660-9ba1-4939-b007-a67073abbe28_3.png",
    "payloadMediaID": null,
    "newS3Url": null,
    "status": "failed",
    "error": "Failed to create Payload record (400): {\"errors\":[{\"name\":\"h\",\"data\":{\"errors\":[{\"message\":\"Value must be unique\",\"path\":\"filename\"}]},\"message\":\"The following field is invalid: filename\"}]}",
    "attempts": 3
  },
  {
    "s3Key": "30cc8051-2dec-40b6-9d3a-608732dd121b_4.png",
    "payloadMediaID": null,
    "newS3Url": null,
    "status": "failed",
    "error": "Failed to create Payload record (400): {\"errors\":[{\"name\":\"h\",\"data\":{\"errors\":[{\"message\":\"Value must be unique\",\"path\":\"filename\"}]},\"message\":\"The following field is invalid: filename\"}]}",
    "attempts": 3
  },
  {
    "s3Key": "3c6a9b4b-059b-4936-a2ee-db7197da288a_5.png",
    "payloadMediaID": null,
    "newS3Url": null,
    "status": "failed",
    "error": "Failed to create Payload record (400): {\"errors\":[{\"name\":\"h\",\"data\":{\"errors\":[{\"message\":\"Value must be unique\",\"path\":\"filename\"}]},\"message\":\"The following field is invalid: filename\"}]}",
    "attempts": 3
  },
  {
    "s3Key": "bc017bad-7b0a-46f9-8ddd-0a02e40d988e_6.png",
    "payloadMediaID": null,
    "newS3Url": null,
    "status": "failed",
    "error": "Failed to create Payload record (400): {\"errors\":[{\"name\":\"h\",\"data\":{\"errors\":[{\"message\":\"Value must be unique\",\"path\":\"filename\"}]},\"message\":\"The following field is invalid: filename\"}]}",
    "attempts": 3
  },
  {
    "s3Key": "e4eeb47f-2647-40c1-a8a2-9bde27941ab0_7.png",
    "payloadMediaID": null,
    "newS3Url": null,
    "status": "failed",
    "error": "Failed to create Payload record (400): {\"errors\":[{\"name\":\"h\",\"data\":{\"errors\":[{\"message\":\"Value must be unique\",\"path\":\"filename\"}]},\"message\":\"The following field is invalid: filename\"}]}",
    "attempts": 3
  },
  {
    "s3Key": "5ccbf235-7d9c-4ec0-afc4-246074eeff30_8.png",
    "payloadMediaID": null,
    "newS3Url": null,
    "status": "failed",
    "error": "Failed to create Payload record (400): {\"errors\":[{\"name\":\"h\",\"data\":{\"errors\":[{\"message\":\"Value must be unique\",\"path\":\"filename\"}]},\"message\":\"The following field is invalid: filename\"}]}",
    "attempts": 3
  },
  {
    "s3Key": "9f788d9d-b258-4186-81e5-c8b5c886575d_9.png",
    "payloadMediaID": null,
    "newS3Url": null,
    "status": "failed",
    "error": "Failed to create Payload record (400): {\"errors\":[{\"name\":\"h\",\"data\":{\"errors\":[{\"message\":\"Value must be unique\",\"path\":\"filename\"}]},\"message\":\"The following field is invalid: filename\"}]}",
    "attempts": 3
  },
  {
    "s3Key": "c06256e0-71c5-486f-9011-991862ac9ce1_10.png",
    "payloadMediaID": null,
    "newS3Url": null,
    "status": "failed",
    "error": "Failed to create Payload record (400): {\"errors\":[{\"name\":\"h\",\"data\":{\"errors\":[{\"message\":\"Value must be unique\",\"path\":\"filename\"}]},\"message\":\"The following field is invalid: filename\"}]}",
    "attempts": 3
  },
  {
    "s3Key": "f2d71bc5-fe63-4f3c-a0cb-dcf9ad614d78__silverless_elewana_loisaba_lodo_springs_368-upscale.jpeg",
    "payloadMediaID": null,
    "newS3Url": null,
    "status": "failed",
    "error": "Failed to create Payload record (400): {\"errors\":[{\"name\":\"h\",\"data\":{\"errors\":[{\"message\":\"Value must be unique\",\"path\":\"filename\"}]},\"message\":\"The following field is invalid: filename\"}]}",
    "attempts": 3
  },
  {
    "s3Key": "12c10e65-73ef-4eab-bacf-96e01c344cf4_elewana_lodo_springs_-_accommodation_-_spacious_luxury_tents_-_deck_area-_show_room-upscale.jpeg",
    "payloadMediaID": null,
    "newS3Url": null,
    "status": "failed",
    "error": "Failed to create Payload record (400): {\"errors\":[{\"name\":\"h\",\"data\":{\"errors\":[{\"message\":\"Value must be unique\",\"path\":\"filename\"}]},\"message\":\"The following field is invalid: filename\"}]}",
    "attempts": 3
  },
  {
    "s3Key": "9a3c5e40-778f-4539-9431-a4e745974d95__silverless_elewana_loisaba_lodo_springs_300-upscale.jpeg",
    "payloadMediaID": null,
    "newS3Url": null,
    "status": "failed",
    "error": "Failed to create Payload record (400): {\"errors\":[{\"name\":\"h\",\"data\":{\"errors\":[{\"message\":\"Value must be unique\",\"path\":\"filename\"}]},\"message\":\"The following field is invalid: filename\"}]}",
    "attempts": 3
  },
  {
    "s3Key": "b12405d7-5b9b-4988-bc2c-989a67d424af_elewana_loisba_lodo_springs__activities_-_massage-upscale.jpeg",
    "payloadMediaID": null,
    "newS3Url": null,
    "status": "failed",
    "error": "Failed to create Payload record (400): {\"errors\":[{\"name\":\"h\",\"data\":{\"errors\":[{\"message\":\"Value must be unique\",\"path\":\"filename\"}]},\"message\":\"The following field is invalid: filename\"}]}",
    "attempts": 3
  },
  {
    "s3Key": "c866d007-8ae7-4074-969e-500326480513__silverless_elewana_loisaba_lodo_springs_413-upscale.jpeg",
    "payloadMediaID": null,
    "newS3Url": null,
    "status": "failed",
    "error": "Failed to create Payload record (400): {\"errors\":[{\"name\":\"h\",\"data\":{\"errors\":[{\"message\":\"Value must be unique\",\"path\":\"filename\"}]},\"message\":\"The following field is invalid: filename\"}]}",
    "attempts": 3
  },
  {
    "s3Key": "1f13ac2b-42e9-410d-a048-e1694300ab24_elewana_lodo_springs_-_accommodation_-_spacious_luxury_tents_-_bathroom_-_show_room-upscale.jpeg",
    "payloadMediaID": null,
    "newS3Url": null,
    "status": "failed",
    "error": "Failed to create Payload record (400): {\"errors\":[{\"name\":\"h\",\"data\":{\"errors\":[{\"message\":\"Value must be unique\",\"path\":\"filename\"}]},\"message\":\"The following field is invalid: filename\"}]}",
    "attempts": 3
  },
  {
    "s3Key": "789d8507-e68c-422d-bdb1-ef8c67f28ecd__silverless_elewana_loisaba_lodo_springs_396-upscale.jpeg",
    "payloadMediaID": null,
    "newS3Url": null,
    "status": "failed",
    "error": "Failed to create Payload record (400): {\"errors\":[{\"name\":\"h\",\"data\":{\"errors\":[{\"message\":\"Value must be unique\",\"path\":\"filename\"}]},\"message\":\"The following field is invalid: filename\"}]}",
    "attempts": 3
  },
  {
    "s3Key": "c0baa9d9-d403-46a4-906b-ad7a7180d6b7__silverless_elewana_loisaba_lodo_springs_393-upscale.jpeg",
    "payloadMediaID": null,
    "newS3Url": null,
    "status": "failed",
    "error": "Failed to create Payload record (400): {\"errors\":[{\"name\":\"h\",\"data\":{\"errors\":[{\"message\":\"Value must be unique\",\"path\":\"filename\"}]},\"message\":\"The following field is invalid: filename\"}]}",
    "attempts": 3
  },
  {
    "s3Key": "25596576-4f2f-42cb-863d-9188699aa839_elewana_lodo_springs_-_accommodation_-_spacious_luxury_tents-_show_room.-upscale.jpeg",
    "payloadMediaID": null,
    "newS3Url": null,
    "status": "failed",
    "error": "Failed to create Payload record (400): {\"errors\":[{\"name\":\"h\",\"data\":{\"errors\":[{\"message\":\"Value must be unique\",\"path\":\"filename\"}]},\"message\":\"The following field is invalid: filename\"}]}",
    "attempts": 3
  },
  {
    "s3Key": "6b73a0cf-cdbe-4a32-9e50-bddd786326fa__silverless_elewana_loisaba_lodo_springs_395-upscale.jpeg",
    "payloadMediaID": null,
    "newS3Url": null,
    "status": "failed",
    "error": "Failed to upload to S3: The difference between the request time and the current time is too large.",
    "attempts": 3
  },
  {
    "s3Key": "9d0e5cbb-187f-462a-9d9f-707577e1dac0_elewana_loisba_lodo_springs__activities-_gamedrive-upscale.jpeg",
    "payloadMediaID": null,
    "newS3Url": null,
    "status": "failed",
    "error": "Failed to download image: stream has been aborted",
    "attempts": 3
  },
  {
    "s3Key": "8ffdf6f3-79eb-4c0c-b78a-c88191ceeab5_elewana_loisba_lodo_springs__activities_-_sundowner-upscale.jpeg",
    "payloadMediaID": null,
    "newS3Url": null,
    "status": "failed",
    "error": "Failed to create Payload record (400): {\"errors\":[{\"name\":\"h\",\"data\":{\"errors\":[{\"message\":\"Value must be unique\",\"path\":\"filename\"}]},\"message\":\"The following field is invalid: filename\"}]}",
    "attempts": 3
  },
  {
    "s3Key": "e0a778d5-bcf4-40d9-8395-1fa3504a1a9f__silverless_elewana_loisaba_lodo_springs_357-upscale.jpeg",
    "payloadMediaID": null,
    "newS3Url": null,
    "status": "failed",
    "error": "Failed to create Payload record (400): {\"errors\":[{\"name\":\"h\",\"data\":{\"errors\":[{\"message\":\"Value must be unique\",\"path\":\"filename\"}]},\"message\":\"The following field is invalid: filename\"}]}",
    "attempts": 3
  },
  {
    "s3Key": "34cf5ec5-bae1-4b68-a9da-e80c98baf66b__silverless_elewana_loisaba_lodo_springs_226-upscale.jpeg",
    "payloadMediaID": null,
    "newS3Url": null,
    "status": "failed",
    "error": "Failed to create Payload record (400): {\"errors\":[{\"name\":\"h\",\"data\":{\"errors\":[{\"message\":\"Value must be unique\",\"path\":\"filename\"}]},\"message\":\"The following field is invalid: filename\"}]}",
    "attempts": 3
  },
  {
    "s3Key": "3e3b8f90-79df-48ae-98ee-9a4dc05dbd0f__silverless_elewana_loisaba_lodo_springs_089-upscale.jpeg",
    "payloadMediaID": null,
    "newS3Url": null,
    "status": "failed",
    "error": "Failed to create Payload media record: timeout of 30000ms exceeded",
    "attempts": 3
  },
  {
    "s3Key": "5ac8607a-c783-4bf0-adda-50cde4d51335__silverless_elewana_loisaba_lodo_springs_353-upscale.jpeg",
    "payloadMediaID": null,
    "newS3Url": null,
    "status": "failed",
    "error": "Failed to create Payload record (400): {\"errors\":[{\"name\":\"h\",\"data\":{\"errors\":[{\"message\":\"Value must be unique\",\"path\":\"filename\"}]},\"message\":\"The following field is invalid: filename\"}]}",
    "attempts": 3
  },
  {
    "s3Key": "1a66c7ca-fe34-4891-9d7d-32d8d0e202a1__silverless_elewana_loisaba_lodo_springs_013-upscale.jpeg",
    "payloadMediaID": null,
    "newS3Url": null,
    "status": "failed",
    "error": "Failed to create Payload record (400): {\"errors\":[{\"name\":\"h\",\"data\":{\"errors\":[{\"message\":\"Value must be unique\",\"path\":\"filename\"}]},\"message\":\"The following field is invalid: filename\"}]}",
    "attempts": 3
  },
  {
    "s3Key": "d529b6e7-656a-45c3-98e5-eb3f9eda5092_1.jpg",
    "payloadMediaID": null,
    "newS3Url": null,
    "status": "failed",
    "error": "Failed to create Payload record (400): {\"errors\":[{\"name\":\"h\",\"data\":{\"errors\":[{\"message\":\"Value must be unique\",\"path\":\"filename\"}]},\"message\":\"The following field is invalid: filename\"}]}",
    "attempts": 3
  },
  {
    "s3Key": "ea15e4bb-ebaa-45a9-8c02-ee87b1bb6570_9.jpg",
    "payloadMediaID": null,
    "newS3Url": null,
    "status": "failed",
    "error": "Failed to create Payload record (400): {\"errors\":[{\"name\":\"h\",\"data\":{\"errors\":[{\"message\":\"Value must be unique\",\"path\":\"filename\"}]},\"message\":\"The following field is invalid: filename\"}]}",
    "attempts": 3
  },
  {
    "s3Key": "dbee46ca-971e-4abd-99fc-8df2719476af_4.jpg",
    "payloadMediaID": null,
    "newS3Url": null,
    "status": "failed",
    "error": "Failed to create Payload record (400): {\"errors\":[{\"name\":\"h\",\"data\":{\"errors\":[{\"message\":\"Value must be unique\",\"path\":\"filename\"}]},\"message\":\"The following field is invalid: filename\"}]}",
    "attempts": 3
  },
  {
    "s3Key": "f1c13e62-1adc-40f6-9bd3-20f3e6ca89b2_14.jpg",
    "payloadMediaID": null,
    "newS3Url": null,
    "status": "failed",
    "error": "Failed to create Payload record (400): {\"errors\":[{\"name\":\"h\",\"data\":{\"errors\":[{\"message\":\"Value must be unique\",\"path\":\"filename\"}]},\"message\":\"The following field is invalid: filename\"}]}",
    "attempts": 3
  },
  {
    "s3Key": "ef0e54e4-0917-42ab-811f-9788da22c60c_13.jpg",
    "payloadMediaID": null,
    "newS3Url": null,
    "status": "failed",
    "error": "Failed to create Payload record (400): {\"errors\":[{\"name\":\"h\",\"data\":{\"errors\":[{\"message\":\"Value must be unique\",\"path\":\"filename\"}]},\"message\":\"The following field is invalid: filename\"}]}",
    "attempts": 3
  },
  {
    "s3Key": "db7192ec-1534-419f-b4e6-504f2fc435bd_8.jpg",
    "payloadMediaID": null,
    "newS3Url": null,
    "status": "failed",
    "error": "Failed to create Payload record (400): {\"errors\":[{\"name\":\"h\",\"data\":{\"errors\":[{\"message\":\"Value must be unique\",\"path\":\"filename\"}]},\"message\":\"The following field is invalid: filename\"}]}",
    "attempts": 3
  },
  {
    "s3Key": "47012f43-87a9-40fb-a0d6-52b7c2f10c99_10.jpg",
    "payloadMediaID": null,
    "newS3Url": null,
    "status": "failed",
    "error": "Failed to create Payload record (400): {\"errors\":[{\"name\":\"h\",\"data\":{\"errors\":[{\"message\":\"Value must be unique\",\"path\":\"filename\"}]},\"message\":\"The following field is invalid: filename\"}]}",
    "attempts": 3
  },
  {
    "s3Key": "8b825eb5-2147-4563-ba13-543abca292fd_2.jpg",
    "payloadMediaID": null,
    "newS3Url": null,
    "status": "failed",
    "error": "Failed to create Payload record (400): {\"errors\":[{\"name\":\"h\",\"data\":{\"errors\":[{\"message\":\"Value must be unique\",\"path\":\"filename\"}]},\"message\":\"The following field is invalid: filename\"}]}",
    "attempts": 3
  },
  {
    "s3Key": "f0a19006-9112-41cd-90dd-a4c54287a06f_5.jpg",
    "payloadMediaID": null,
    "newS3Url": null,
    "status": "failed",
    "error": "Failed to create Payload record (400): {\"errors\":[{\"name\":\"h\",\"data\":{\"errors\":[{\"message\":\"Value must be unique\",\"path\":\"filename\"}]},\"message\":\"The following field is invalid: filename\"}]}",
    "attempts": 3
  },
  {
    "s3Key": "8c8c5a65-272d-482d-b104-3db2fafb52d5_7.jpg",
    "payloadMediaID": null,
    "newS3Url": null,
    "status": "failed",
    "error": "Failed to create Payload record (400): {\"errors\":[{\"name\":\"h\",\"data\":{\"errors\":[{\"message\":\"Value must be unique\",\"path\":\"filename\"}]},\"message\":\"The following field is invalid: filename\"}]}",
    "attempts": 3
  },
  {
    "s3Key": "6f48667e-7bd1-40cf-b51a-de5b8ec88708_6.jpg",
    "payloadMediaID": null,
    "newS3Url": null,
    "status": "failed",
    "error": "Failed to create Payload record (400): {\"errors\":[{\"name\":\"h\",\"data\":{\"errors\":[{\"message\":\"Value must be unique\",\"path\":\"filename\"}]},\"message\":\"The following field is invalid: filename\"}]}",
    "attempts": 3
  },
  {
    "s3Key": "a5000dc7-ec14-4f54-9946-4ba75690eec3_11.jpg",
    "payloadMediaID": null,
    "newS3Url": null,
    "status": "failed",
    "error": "Failed to create Payload record (400): {\"errors\":[{\"name\":\"h\",\"data\":{\"errors\":[{\"message\":\"Value must be unique\",\"path\":\"filename\"}]},\"message\":\"The following field is invalid: filename\"}]}",
    "attempts": 3
  },
  {
    "s3Key": "d2ecc552-d414-425b-ba19-61562e148a23_3.jpg",
    "payloadMediaID": null,
    "newS3Url": null,
    "status": "failed",
    "error": "Failed to create Payload record (400): {\"errors\":[{\"name\":\"h\",\"data\":{\"errors\":[{\"message\":\"Value must be unique\",\"path\":\"filename\"}]},\"message\":\"The following field is invalid: filename\"}]}",
    "attempts": 3
  },
  {
    "s3Key": "d45af1a7-2461-452f-9677-30688b797393_4.png",
    "payloadMediaID": null,
    "newS3Url": null,
    "status": "failed",
    "error": "Failed to create Payload record (400): {\"errors\":[{\"name\":\"h\",\"data\":{\"errors\":[{\"message\":\"Value must be unique\",\"path\":\"filename\"}]},\"message\":\"The following field is invalid: filename\"}]}",
    "attempts": 3
  },
  {
    "s3Key": "b5c5ff55-268f-4a3b-b0c1-6c5b1b72bc17_6.png",
    "payloadMediaID": null,
    "newS3Url": null,
    "status": "failed",
    "error": "Failed to create Payload record (400): {\"errors\":[{\"name\":\"h\",\"data\":{\"errors\":[{\"message\":\"Value must be unique\",\"path\":\"filename\"}]},\"message\":\"The following field is invalid: filename\"}]}",
    "attempts": 3
  },
  {
    "s3Key": "1ef4b83c-962d-44a6-8923-b862196bc6de_3.png",
    "payloadMediaID": null,
    "newS3Url": null,
    "status": "failed",
    "error": "Failed to create Payload record (400): {\"errors\":[{\"name\":\"h\",\"data\":{\"errors\":[{\"message\":\"Value must be unique\",\"path\":\"filename\"}]},\"message\":\"The following field is invalid: filename\"}]}",
    "attempts": 3
  },
  {
    "s3Key": "538aa30c-980e-4d9f-8879-ffd1629e4828_2.png",
    "payloadMediaID": null,
    "newS3Url": null,
    "status": "failed",
    "error": "Failed to create Payload media record: timeout of 30000ms exceeded",
    "attempts": 3
  },
  {
    "s3Key": "c3c24ec6-45a8-4c42-b8d6-6c6f75a56cfb_1.png",
    "payloadMediaID": null,
    "newS3Url": null,
    "status": "failed",
    "error": "Failed to create Payload record (400): {\"errors\":[{\"name\":\"h\",\"data\":{\"errors\":[{\"message\":\"Value must be unique\",\"path\":\"filename\"}]},\"message\":\"The following field is invalid: filename\"}]}",
    "attempts": 3
  },
  {
    "s3Key": "6d2f2f13-e145-4f6d-8cac-c33960119ee6_5.png",
    "payloadMediaID": null,
    "newS3Url": null,
    "status": "failed",
    "error": "Failed to create Payload record (400): {\"errors\":[{\"name\":\"h\",\"data\":{\"errors\":[{\"message\":\"Value must be unique\",\"path\":\"filename\"}]},\"message\":\"The following field is invalid: filename\"}]}",
    "attempts": 3
  },
  {
    "s3Key": "7dba51b4-ee1f-4107-922d-8ba0999ac54e_10.jpg",
    "payloadMediaID": 668,
    "newS3Url": "https://kiuli-bucket.s3.eu-north-1.amazonaws.com/680dff493cf205005cf76e8f_7dba51b4-ee1f-4107-922d-8ba0999ac54e_10.jpg",
    "status": "success",
    "attempts": 1
  },
  {
    "s3Key": "7e963f23-ab23-40a0-a0a6-0c2abc33b946_15.jpg",
    "payloadMediaID": 669,
    "newS3Url": "https://kiuli-bucket.s3.eu-north-1.amazonaws.com/680dff493cf205005cf76e8f_7e963f23-ab23-40a0-a0a6-0c2abc33b946_15.jpg",
    "status": "success",
    "attempts": 1
  },
  {
    "s3Key": "a76ebf12-4151-499c-8255-72fe0ce4b61a_12.jpg",
    "payloadMediaID": 670,
    "newS3Url": "https://kiuli-bucket.s3.eu-north-1.amazonaws.com/680dff493cf205005cf76e8f_a76ebf12-4151-499c-8255-72fe0ce4b61a_12.jpg",
    "status": "success",
    "attempts": 1
  },
  {
    "s3Key": "564d1e71-296c-4e3f-bc21-cb59689bbfe1_14.jpg",
    "payloadMediaID": 671,
    "newS3Url": "https://kiuli-bucket.s3.eu-north-1.amazonaws.com/680dff493cf205005cf76e8f_564d1e71-296c-4e3f-bc21-cb59689bbfe1_14.jpg",
    "status": "success",
    "attempts": 1
  },
  {
    "s3Key": "1f1742fa-6e45-4a29-adfc-f23f0a66e1d1_11.jpg",
    "payloadMediaID": 672,
    "newS3Url": "https://kiuli-bucket.s3.eu-north-1.amazonaws.com/680dff493cf205005cf76e8f_1f1742fa-6e45-4a29-adfc-f23f0a66e1d1_11.jpg",
    "status": "success",
    "attempts": 1
  },
  {
    "s3Key": "d9f7fcc2-ce91-426c-ab25-105daa6cf38a_13.jpg",
    "payloadMediaID": 673,
    "newS3Url": "https://kiuli-bucket.s3.eu-north-1.amazonaws.com/680dff493cf205005cf76e8f_d9f7fcc2-ce91-426c-ab25-105daa6cf38a_13.jpg",
    "status": "success",
    "attempts": 1
  },
  {
    "s3Key": "f710c0de-4efd-4142-80b7-dd904d144e7b_7.jpg",
    "payloadMediaID": 674,
    "newS3Url": "https://kiuli-bucket.s3.eu-north-1.amazonaws.com/680dff493cf205005cf76e8f_f710c0de-4efd-4142-80b7-dd904d144e7b_7.jpg",
    "status": "success",
    "attempts": 1
  },
  {
    "s3Key": "171573c2-27a7-4344-9552-0e7935267cbf_9.jpg",
    "payloadMediaID": null,
    "newS3Url": null,
    "status": "failed",
    "error": "Failed to create Payload record (400): {\"errors\":[{\"name\":\"h\",\"data\":{\"errors\":[{\"message\":\"Value must be unique\",\"path\":\"filename\"}]},\"message\":\"The following field is invalid: filename\"}]}",
    "attempts": 3
  },
  {
    "s3Key": "06db965a-c33a-425e-b431-a4064f1899cc_1.jpg",
    "payloadMediaID": 678,
    "newS3Url": "https://kiuli-bucket.s3.eu-north-1.amazonaws.com/680dff493cf205005cf76e8f_06db965a-c33a-425e-b431-a4064f1899cc_1.jpg",
    "status": "success",
    "attempts": 1
  },
  {
    "s3Key": "757bb496-523f-46b0-b07a-33ecc1d79157_6.jpg",
    "payloadMediaID": 679,
    "newS3Url": "https://kiuli-bucket.s3.eu-north-1.amazonaws.com/680dff493cf205005cf76e8f_757bb496-523f-46b0-b07a-33ecc1d79157_6.jpg",
    "status": "success",
    "attempts": 1
  },
  {
    "s3Key": "3467b0e0-8676-45ff-b380-9e95481c5f90_8.jpg",
    "payloadMediaID": 680,
    "newS3Url": "https://kiuli-bucket.s3.eu-north-1.amazonaws.com/680dff493cf205005cf76e8f_3467b0e0-8676-45ff-b380-9e95481c5f90_8.jpg",
    "status": "success",
    "attempts": 1
  },
  {
    "s3Key": "386cf17b-739c-4006-a71b-50ec169aecff_4.jpg",
    "payloadMediaID": 681,
    "newS3Url": "https://kiuli-bucket.s3.eu-north-1.amazonaws.com/680dff493cf205005cf76e8f_386cf17b-739c-4006-a71b-50ec169aecff_4.jpg",
    "status": "success",
    "attempts": 1
  },
  {
    "s3Key": "64383812-44a5-46bb-807c-4cc947ae781a_5.jpg",
    "payloadMediaID": 682,
    "newS3Url": "https://kiuli-bucket.s3.eu-north-1.amazonaws.com/680dff493cf205005cf76e8f_64383812-44a5-46bb-807c-4cc947ae781a_5.jpg",
    "status": "success",
    "attempts": 1
  },
  {
    "s3Key": "891b879a-48c2-4b27-a242-9ab336616d94_3.jpg",
    "payloadMediaID": 683,
    "newS3Url": "https://kiuli-bucket.s3.eu-north-1.amazonaws.com/680dff493cf205005cf76e8f_891b879a-48c2-4b27-a242-9ab336616d94_3.jpg",
    "status": "success",
    "attempts": 1
  },
  {
    "s3Key": "67a64b04-0990-46ef-bf0e-c5cba173fbd2_20230316 Wilderness_Cape Town_JC-077.jpg",
    "payloadMediaID": 684,
    "newS3Url": "https://kiuli-bucket.s3.eu-north-1.amazonaws.com/680dff493cf205005cf76e8f_67a64b04-0990-46ef-bf0e-c5cba173fbd2_20230316 Wilderness_Cape Town_JC-077.jpg",
    "status": "success",
    "attempts": 1
  },
  {
    "s3Key": "1dac7f67-9f6f-4a28-9269-3cc393ab9c41_20230316 Wilderness_Cape Town_JC-080.jpg",
    "payloadMediaID": 685,
    "newS3Url": "https://kiuli-bucket.s3.eu-north-1.amazonaws.com/680dff493cf205005cf76e8f_1dac7f67-9f6f-4a28-9269-3cc393ab9c41_20230316 Wilderness_Cape Town_JC-080.jpg",
    "status": "success",
    "attempts": 1
  },
  {
    "s3Key": "8aa46bae-fc90-468a-b117-3c1c7483881c_20230316 Wilderness_Cape Town_JC-081.jpg",
    "payloadMediaID": 686,
    "newS3Url": "https://kiuli-bucket.s3.eu-north-1.amazonaws.com/680dff493cf205005cf76e8f_8aa46bae-fc90-468a-b117-3c1c7483881c_20230316 Wilderness_Cape Town_JC-081.jpg",
    "status": "success",
    "attempts": 1
  },
  {
    "s3Key": "aeba38bf-4181-4ea9-8f13-ba1adeb81a2f_1.png",
    "payloadMediaID": 687,
    "newS3Url": "https://kiuli-bucket.s3.eu-north-1.amazonaws.com/680dff493cf205005cf76e8f_aeba38bf-4181-4ea9-8f13-ba1adeb81a2f_1.png",
    "status": "success",
    "attempts": 1
  },
  {
    "s3Key": "e6b9d583-5c26-49ac-8b54-5cb5eef4a347_2.png",
    "payloadMediaID": 688,
    "newS3Url": "https://kiuli-bucket.s3.eu-north-1.amazonaws.com/680dff493cf205005cf76e8f_e6b9d583-5c26-49ac-8b54-5cb5eef4a347_2.png",
    "status": "success",
    "attempts": 1
  },
  {
    "s3Key": "bb6caf33-c854-4541-b482-e6a1efcb8afe_3.png",
    "payloadMediaID": 689,
    "newS3Url": "https://kiuli-bucket.s3.eu-north-1.amazonaws.com/680dff493cf205005cf76e8f_bb6caf33-c854-4541-b482-e6a1efcb8afe_3.png",
    "status": "success",
    "attempts": 1
  },
  {
    "s3Key": "de207c57-6c2b-421a-b923-231a5bd8c980_Grootbos_-_Garden_Lodge_-__Lush_Gardens_and_Lodge-upscale.jpeg",
    "payloadMediaID": 690,
    "newS3Url": "https://kiuli-bucket.s3.eu-north-1.amazonaws.com/680dff493cf205005cf76e8f_de207c57-6c2b-421a-b923-231a5bd8c980_Grootbos_-_Garden_Lodge_-__Lush_Gardens_and_Lodge-upscale.jpeg",
    "status": "success",
    "attempts": 1
  },
  {
    "s3Key": "acb4801f-2f3f-4fa4-ad1a-fdb8d379ec5a_1.jpg",
    "payloadMediaID": 691,
    "newS3Url": "https://kiuli-bucket.s3.eu-north-1.amazonaws.com/680dff493cf205005cf76e8f_acb4801f-2f3f-4fa4-ad1a-fdb8d379ec5a_1.jpg",
    "status": "success",
    "attempts": 1
  },
  {
    "s3Key": "4ef297aa-e377-4ec9-8efd-87ad6d9e3e1a_2.jpg",
    "payloadMediaID": 692,
    "newS3Url": "https://kiuli-bucket.s3.eu-north-1.amazonaws.com/680dff493cf205005cf76e8f_4ef297aa-e377-4ec9-8efd-87ad6d9e3e1a_2.jpg",
    "status": "success",
    "attempts": 1
  },
  {
    "s3Key": "46e4633b-a591-4110-b8dc-7bfa41544258_3.jpg",
    "payloadMediaID": 693,
    "newS3Url": "https://kiuli-bucket.s3.eu-north-1.amazonaws.com/680dff493cf205005cf76e8f_46e4633b-a591-4110-b8dc-7bfa41544258_3.jpg",
    "status": "success",
    "attempts": 1
  },
  {
    "s3Key": "52684099-49bf-4c5d-af8b-5dec35649aa5_5.jpg",
    "payloadMediaID": 694,
    "newS3Url": "https://kiuli-bucket.s3.eu-north-1.amazonaws.com/680dff493cf205005cf76e8f_52684099-49bf-4c5d-af8b-5dec35649aa5_5.jpg",
    "status": "success",
    "attempts": 1
  },
  {
    "s3Key": "455fa8b7-30ad-491c-81ac-bb60beca6609_4.jpg",
    "payloadMediaID": 695,
    "newS3Url": "https://kiuli-bucket.s3.eu-north-1.amazonaws.com/680dff493cf205005cf76e8f_455fa8b7-30ad-491c-81ac-bb60beca6609_4.jpg",
    "status": "success",
    "attempts": 1
  },
  {
    "s3Key": "d67cca6a-e0b9-4c8b-af03-edf030d5c761_6.jpg",
    "payloadMediaID": 696,
    "newS3Url": "https://kiuli-bucket.s3.eu-north-1.amazonaws.com/680dff493cf205005cf76e8f_d67cca6a-e0b9-4c8b-af03-edf030d5c761_6.jpg",
    "status": "success",
    "attempts": 1
  },
  {
    "s3Key": "26edc793-3a22-4abb-958e-cdc841675227_7.jpg",
    "payloadMediaID": 697,
    "newS3Url": "https://kiuli-bucket.s3.eu-north-1.amazonaws.com/680dff493cf205005cf76e8f_26edc793-3a22-4abb-958e-cdc841675227_7.jpg",
    "status": "success",
    "attempts": 1
  },
  {
    "s3Key": "8ab33cc4-2b1a-45c0-9336-86c52ba79b99_8.jpg",
    "payloadMediaID": 698,
    "newS3Url": "https://kiuli-bucket.s3.eu-north-1.amazonaws.com/680dff493cf205005cf76e8f_8ab33cc4-2b1a-45c0-9336-86c52ba79b99_8.jpg",
    "status": "success",
    "attempts": 1
  },
  {
    "s3Key": "6afd78f8-5191-4f4f-b68b-e57dc1e00c7f_9.jpg",
    "payloadMediaID": 699,
    "newS3Url": "https://kiuli-bucket.s3.eu-north-1.amazonaws.com/680dff493cf205005cf76e8f_6afd78f8-5191-4f4f-b68b-e57dc1e00c7f_9.jpg",
    "status": "success",
    "attempts": 1
  },
  {
    "s3Key": "8dfbd656-84c9-45fc-902d-b718b39933c6_13.jpg",
    "payloadMediaID": 700,
    "newS3Url": "https://kiuli-bucket.s3.eu-north-1.amazonaws.com/680dff493cf205005cf76e8f_8dfbd656-84c9-45fc-902d-b718b39933c6_13.jpg",
    "status": "success",
    "attempts": 1
  },
  {
    "s3Key": "c9390fed-6bd0-42ec-ae6e-0360cbecf233_12.jpg",
    "payloadMediaID": 701,
    "newS3Url": "https://kiuli-bucket.s3.eu-north-1.amazonaws.com/680dff493cf205005cf76e8f_c9390fed-6bd0-42ec-ae6e-0360cbecf233_12.jpg",
    "status": "success",
    "attempts": 1
  },
  {
    "s3Key": "cc22cd70-2590-49c6-b5d9-9b0c47606701_10.jpg",
    "payloadMediaID": 702,
    "newS3Url": "https://kiuli-bucket.s3.eu-north-1.amazonaws.com/680dff493cf205005cf76e8f_cc22cd70-2590-49c6-b5d9-9b0c47606701_10.jpg",
    "status": "success",
    "attempts": 1
  },
  {
    "s3Key": "432f955f-1cd7-4874-92dc-274750ed74c0_14.jpg",
    "payloadMediaID": 703,
    "newS3Url": "https://kiuli-bucket.s3.eu-north-1.amazonaws.com/680dff493cf205005cf76e8f_432f955f-1cd7-4874-92dc-274750ed74c0_14.jpg",
    "status": "success",
    "attempts": 1
  },
  {
    "s3Key": "74e27cd5-584b-4293-9ebb-b98588252961_15.jpg",
    "payloadMediaID": 704,
    "newS3Url": "https://kiuli-bucket.s3.eu-north-1.amazonaws.com/680dff493cf205005cf76e8f_74e27cd5-584b-4293-9ebb-b98588252961_15.jpg",
    "status": "success",
    "attempts": 1
  },
  {
    "s3Key": "75d087cf-d8f8-4f2f-8ffc-bcfe51a5d915_11.jpg",
    "payloadMediaID": 705,
    "newS3Url": "https://kiuli-bucket.s3.eu-north-1.amazonaws.com/680dff493cf205005cf76e8f_75d087cf-d8f8-4f2f-8ffc-bcfe51a5d915_11.jpg",
    "status": "success",
    "attempts": 1
  },
  {
    "s3Key": "a34c874f-1687-4afe-aa62-123785576fbc_whale_watching.jpeg",
    "payloadMediaID": 706,
    "newS3Url": "https://kiuli-bucket.s3.eu-north-1.amazonaws.com/680dff493cf205005cf76e8f_a34c874f-1687-4afe-aa62-123785576fbc_whale_watching.jpeg",
    "status": "success",
    "attempts": 1
  },
  {
    "s3Key": "64b05643-ffc9-4c3d-b71e-9d44a5280f5b_whale watching 2.jpeg",
    "payloadMediaID": 707,
    "newS3Url": "https://kiuli-bucket.s3.eu-north-1.amazonaws.com/680dff493cf205005cf76e8f_64b05643-ffc9-4c3d-b71e-9d44a5280f5b_whale watching 2.jpeg",
    "status": "success",
    "attempts": 1
  },
  {
    "s3Key": "a7f3d2b2-219c-4048-b7d9-168e6d5a346e_1.jpg",
    "payloadMediaID": 708,
    "newS3Url": "https://kiuli-bucket.s3.eu-north-1.amazonaws.com/680dff493cf205005cf76e8f_a7f3d2b2-219c-4048-b7d9-168e6d5a346e_1.jpg",
    "status": "success",
    "attempts": 1
  },
  {
    "s3Key": "9a280e00-5a6b-4cac-944f-2fee18c8079b_5.jpg",
    "payloadMediaID": 709,
    "newS3Url": "https://kiuli-bucket.s3.eu-north-1.amazonaws.com/680dff493cf205005cf76e8f_9a280e00-5a6b-4cac-944f-2fee18c8079b_5.jpg",
    "status": "success",
    "attempts": 1
  },
  {
    "s3Key": "a330dfc4-7e0f-4715-a0a4-67b65ca8b640_2.jpg",
    "payloadMediaID": null,
    "newS3Url": null,
    "status": "failed",
    "error": "Failed to create Payload record (400): {\"errors\":[{\"name\":\"h\",\"data\":{\"errors\":[{\"message\":\"Value must be unique\",\"path\":\"filename\"}]},\"message\":\"The following field is invalid: filename\"}]}",
    "attempts": 3
  },
  {
    "s3Key": "967a2438-a678-43d4-9268-9662ff80f7b7_4.jpg",
    "payloadMediaID": 713,
    "newS3Url": "https://kiuli-bucket.s3.eu-north-1.amazonaws.com/680dff493cf205005cf76e8f_967a2438-a678-43d4-9268-9662ff80f7b7_4.jpg",
    "status": "success",
    "attempts": 1
  },
  {
    "s3Key": "a2abbb98-7b44-4040-88d4-04a8015a1dbe_3.jpg",
    "payloadMediaID": 714,
    "newS3Url": "https://kiuli-bucket.s3.eu-north-1.amazonaws.com/680dff493cf205005cf76e8f_a2abbb98-7b44-4040-88d4-04a8015a1dbe_3.jpg",
    "status": "success",
    "attempts": 1
  },
  {
    "s3Key": "d139a5ae-a336-47f0-a9f2-c25a446939b4_7.jpg",
    "payloadMediaID": 715,
    "newS3Url": "https://kiuli-bucket.s3.eu-north-1.amazonaws.com/680dff493cf205005cf76e8f_d139a5ae-a336-47f0-a9f2-c25a446939b4_7.jpg",
    "status": "success",
    "attempts": 1
  },
  {
    "s3Key": "1492ca1a-7fa6-4cac-a492-9c9e747d25b4_9.jpg",
    "payloadMediaID": 716,
    "newS3Url": "https://kiuli-bucket.s3.eu-north-1.amazonaws.com/680dff493cf205005cf76e8f_1492ca1a-7fa6-4cac-a492-9c9e747d25b4_9.jpg",
    "status": "success",
    "attempts": 1
  },
  {
    "s3Key": "902c47e9-87f4-41f8-92a0-8f4c5e00385a_6.jpg",
    "payloadMediaID": 717,
    "newS3Url": "https://kiuli-bucket.s3.eu-north-1.amazonaws.com/680dff493cf205005cf76e8f_902c47e9-87f4-41f8-92a0-8f4c5e00385a_6.jpg",
    "status": "success",
    "attempts": 1
  },
  {
    "s3Key": "c6cf511b-8055-4cf2-a265-00625ed1be52_6.jpg",
    "payloadMediaID": 718,
    "newS3Url": "https://kiuli-bucket.s3.eu-north-1.amazonaws.com/680dff493cf205005cf76e8f_c6cf511b-8055-4cf2-a265-00625ed1be52_6.jpg",
    "status": "success",
    "attempts": 1
  },
  {
    "s3Key": "6ec5bac5-777a-4d34-8a9f-1c1eaf4febed_8.jpg",
    "payloadMediaID": 719,
    "newS3Url": "https://kiuli-bucket.s3.eu-north-1.amazonaws.com/680dff493cf205005cf76e8f_6ec5bac5-777a-4d34-8a9f-1c1eaf4febed_8.jpg",
    "status": "success",
    "attempts": 1
  },
  {
    "s3Key": "e5aefc3b-16e3-44c7-b6e8-2de4930fc72f_11.jpg",
    "payloadMediaID": 720,
    "newS3Url": "https://kiuli-bucket.s3.eu-north-1.amazonaws.com/680dff493cf205005cf76e8f_e5aefc3b-16e3-44c7-b6e8-2de4930fc72f_11.jpg",
    "status": "success",
    "attempts": 1
  },
  {
    "s3Key": "82a31eda-9fcc-417f-83d2-54482ce4a39d_10.jpg",
    "payloadMediaID": 721,
    "newS3Url": "https://kiuli-bucket.s3.eu-north-1.amazonaws.com/680dff493cf205005cf76e8f_82a31eda-9fcc-417f-83d2-54482ce4a39d_10.jpg",
    "status": "success",
    "attempts": 1
  },
  {
    "s3Key": "8ed64dab-4613-41fe-bdfd-02df51281352_5.jpg",
    "payloadMediaID": 722,
    "newS3Url": "https://kiuli-bucket.s3.eu-north-1.amazonaws.com/680dff493cf205005cf76e8f_8ed64dab-4613-41fe-bdfd-02df51281352_5.jpg",
    "status": "success",
    "attempts": 1
  },
  {
    "s3Key": "02d5d7ee-0ad4-456e-849c-c2b2f415fca6_4.jpg",
    "payloadMediaID": 723,
    "newS3Url": "https://kiuli-bucket.s3.eu-north-1.amazonaws.com/680dff493cf205005cf76e8f_02d5d7ee-0ad4-456e-849c-c2b2f415fca6_4.jpg",
    "status": "success",
    "attempts": 1
  },
  {
    "s3Key": "402c2d89-4e9a-4b86-aabb-ef7d19258b7b_1.jpg",
    "payloadMediaID": 724,
    "newS3Url": "https://kiuli-bucket.s3.eu-north-1.amazonaws.com/680dff493cf205005cf76e8f_402c2d89-4e9a-4b86-aabb-ef7d19258b7b_1.jpg",
    "status": "success",
    "attempts": 1
  },
  {
    "s3Key": "1887e8db-0bf4-462b-8275-050cbc3aa06d_2.jpg",
    "payloadMediaID": 725,
    "newS3Url": "https://kiuli-bucket.s3.eu-north-1.amazonaws.com/680dff493cf205005cf76e8f_1887e8db-0bf4-462b-8275-050cbc3aa06d_2.jpg",
    "status": "success",
    "attempts": 1
  },
  {
    "s3Key": "f65227b3-25de-4cf3-b614-e1d82c23bfb7_3.jpg",
    "payloadMediaID": 726,
    "newS3Url": "https://kiuli-bucket.s3.eu-north-1.amazonaws.com/680dff493cf205005cf76e8f_f65227b3-25de-4cf3-b614-e1d82c23bfb7_3.jpg",
    "status": "success",
    "attempts": 1
  },
  {
    "s3Key": "31fff401-8ead-4a85-b7dd-1ed5215f62ba_14.jpg",
    "payloadMediaID": 727,
    "newS3Url": "https://kiuli-bucket.s3.eu-north-1.amazonaws.com/680dff493cf205005cf76e8f_31fff401-8ead-4a85-b7dd-1ed5215f62ba_14.jpg",
    "status": "success",
    "attempts": 1
  },
  {
    "s3Key": "a0144618-40ac-4ffe-aff3-aab39e7b0e06_13.jpg",
    "payloadMediaID": 728,
    "newS3Url": "https://kiuli-bucket.s3.eu-north-1.amazonaws.com/680dff493cf205005cf76e8f_a0144618-40ac-4ffe-aff3-aab39e7b0e06_13.jpg",
    "status": "success",
    "attempts": 1
  },
  {
    "s3Key": "00bc668d-fd0f-4e2d-94a2-d186ecce66dd_12.jpg",
    "payloadMediaID": null,
    "newS3Url": null,
    "status": "failed",
    "error": "Failed to create Payload record (400): {\"errors\":[{\"name\":\"h\",\"data\":{\"errors\":[{\"message\":\"Value must be unique\",\"path\":\"filename\"}]},\"message\":\"The following field is invalid: filename\"}]}",
    "attempts": 3
  },
  {
    "s3Key": "e59a1791-358b-47f0-80a9-c5c02a4159c5_westcamp-evening-upscale.jpeg",
    "payloadMediaID": 732,
    "newS3Url": "https://kiuli-bucket.s3.eu-north-1.amazonaws.com/680dff493cf205005cf76e8f_e59a1791-358b-47f0-80a9-c5c02a4159c5_westcamp-evening-upscale.jpeg",
    "status": "success",
    "attempts": 1
  },
  {
    "s3Key": "12dd75ba-615a-428f-86cc-e02fea433dd5_1.jpg",
    "payloadMediaID": 733,
    "newS3Url": "https://kiuli-bucket.s3.eu-north-1.amazonaws.com/680dff493cf205005cf76e8f_12dd75ba-615a-428f-86cc-e02fea433dd5_1.jpg",
    "status": "success",
    "attempts": 1
  },
  {
    "s3Key": "139a0c18-c360-4a73-ba1f-0f27fa165435_11d65129-a2b1-4e98-add5-6e7b686d7c78.jpg",
    "payloadMediaID": 734,
    "newS3Url": "https://kiuli-bucket.s3.eu-north-1.amazonaws.com/680dff493cf205005cf76e8f_139a0c18-c360-4a73-ba1f-0f27fa165435_11d65129-a2b1-4e98-add5-6e7b686d7c78.jpg",
    "status": "success",
    "attempts": 1
  },
  {
    "s3Key": "b11329d6-5225-4841-848f-8e50aaa41508_11.jpg",
    "payloadMediaID": 735,
    "newS3Url": "https://kiuli-bucket.s3.eu-north-1.amazonaws.com/680dff493cf205005cf76e8f_b11329d6-5225-4841-848f-8e50aaa41508_11.jpg",
    "status": "success",
    "attempts": 1
  },
  {
    "s3Key": "3091bcb3-b6bb-43ad-a78f-2c15699e7131_10.jpg",
    "payloadMediaID": 736,
    "newS3Url": "https://kiuli-bucket.s3.eu-north-1.amazonaws.com/680dff493cf205005cf76e8f_3091bcb3-b6bb-43ad-a78f-2c15699e7131_10.jpg",
    "status": "success",
    "attempts": 1
  },
  {
    "s3Key": "77fc5e43-9f1e-42cc-a63a-0cf86d183ab4_9.jpg",
    "payloadMediaID": 737,
    "newS3Url": "https://kiuli-bucket.s3.eu-north-1.amazonaws.com/680dff493cf205005cf76e8f_77fc5e43-9f1e-42cc-a63a-0cf86d183ab4_9.jpg",
    "status": "success",
    "attempts": 1
  },
  {
    "s3Key": "b0fd486c-c4a9-4e00-8b31-ce20814c4fe5_8.jpg",
    "payloadMediaID": 738,
    "newS3Url": "https://kiuli-bucket.s3.eu-north-1.amazonaws.com/680dff493cf205005cf76e8f_b0fd486c-c4a9-4e00-8b31-ce20814c4fe5_8.jpg",
    "status": "success",
    "attempts": 1
  },
  {
    "s3Key": "cc73d1c8-64d1-48cb-82fb-a4bc02146d06_12.jpg",
    "payloadMediaID": 739,
    "newS3Url": "https://kiuli-bucket.s3.eu-north-1.amazonaws.com/680dff493cf205005cf76e8f_cc73d1c8-64d1-48cb-82fb-a4bc02146d06_12.jpg",
    "status": "success",
    "attempts": 1
  },
  {
    "s3Key": "68ec70ea-b5b3-48e5-85bd-cff2ad4712f2_6.jpg",
    "payloadMediaID": 740,
    "newS3Url": "https://kiuli-bucket.s3.eu-north-1.amazonaws.com/680dff493cf205005cf76e8f_68ec70ea-b5b3-48e5-85bd-cff2ad4712f2_6.jpg",
    "status": "success",
    "attempts": 1
  },
  {
    "s3Key": "eb707757-fd6b-403e-9b6a-0792211d3e2e_7.jpg",
    "payloadMediaID": 741,
    "newS3Url": "https://kiuli-bucket.s3.eu-north-1.amazonaws.com/680dff493cf205005cf76e8f_eb707757-fd6b-403e-9b6a-0792211d3e2e_7.jpg",
    "status": "success",
    "attempts": 1
  },
  {
    "s3Key": "70ef9d38-46e6-456c-a388-89a5f7c4bd29_15.jpg",
    "payloadMediaID": 742,
    "newS3Url": "https://kiuli-bucket.s3.eu-north-1.amazonaws.com/680dff493cf205005cf76e8f_70ef9d38-46e6-456c-a388-89a5f7c4bd29_15.jpg",
    "status": "success",
    "attempts": 1
  },
  {
    "s3Key": "14c9baa4-92af-4f89-be47-ab162d76b5ed_3.jpg",
    "payloadMediaID": 743,
    "newS3Url": "https://kiuli-bucket.s3.eu-north-1.amazonaws.com/680dff493cf205005cf76e8f_14c9baa4-92af-4f89-be47-ab162d76b5ed_3.jpg",
    "status": "success",
    "attempts": 1
  },
  {
    "s3Key": "5e605c1d-50a2-44df-bb39-5cf348a48ee6_4.jpg",
    "payloadMediaID": 744,
    "newS3Url": "https://kiuli-bucket.s3.eu-north-1.amazonaws.com/680dff493cf205005cf76e8f_5e605c1d-50a2-44df-bb39-5cf348a48ee6_4.jpg",
    "status": "success",
    "attempts": 1
  },
  {
    "s3Key": "12117803-bf61-42a8-a4b0-8ecc655a4003_17.jpg",
    "payloadMediaID": 745,
    "newS3Url": "https://kiuli-bucket.s3.eu-north-1.amazonaws.com/680dff493cf205005cf76e8f_12117803-bf61-42a8-a4b0-8ecc655a4003_17.jpg",
    "status": "success",
    "attempts": 1
  },
  {
    "s3Key": "0b79bd89-e09a-4241-a42e-e05fc635ffc5_14.jpg",
    "payloadMediaID": 746,
    "newS3Url": "https://kiuli-bucket.s3.eu-north-1.amazonaws.com/680dff493cf205005cf76e8f_0b79bd89-e09a-4241-a42e-e05fc635ffc5_14.jpg",
    "status": "success",
    "attempts": 1
  },
  {
    "s3Key": "c62a0a67-da70-452d-8675-34a5099cd00b_16.jpg",
    "payloadMediaID": 747,
    "newS3Url": "https://kiuli-bucket.s3.eu-north-1.amazonaws.com/680dff493cf205005cf76e8f_c62a0a67-da70-452d-8675-34a5099cd00b_16.jpg",
    "status": "success",
    "attempts": 1
  },
  {
    "s3Key": "0e9bdaa9-39fa-4a37-8d12-ae4bac44f487_18.jpg",
    "payloadMediaID": 748,
    "newS3Url": "https://kiuli-bucket.s3.eu-north-1.amazonaws.com/680dff493cf205005cf76e8f_0e9bdaa9-39fa-4a37-8d12-ae4bac44f487_18.jpg",
    "status": "success",
    "attempts": 1
  },
  {
    "s3Key": "361c9148-605e-4469-b6d0-745051083c3c_5.jpg",
    "payloadMediaID": 749,
    "newS3Url": "https://kiuli-bucket.s3.eu-north-1.amazonaws.com/680dff493cf205005cf76e8f_361c9148-605e-4469-b6d0-745051083c3c_5.jpg",
    "status": "success",
    "attempts": 1
  },
  {
    "s3Key": "fdb85650-306e-4211-b941-60f2b2705529_1.png",
    "payloadMediaID": 750,
    "newS3Url": "https://kiuli-bucket.s3.eu-north-1.amazonaws.com/680dff493cf205005cf76e8f_fdb85650-306e-4211-b941-60f2b2705529_1.png",
    "status": "success",
    "attempts": 1
  },
  {
    "s3Key": "3ff2d9d9-865d-48c4-9156-a26922837387_3.png",
    "payloadMediaID": 751,
    "newS3Url": "https://kiuli-bucket.s3.eu-north-1.amazonaws.com/680dff493cf205005cf76e8f_3ff2d9d9-865d-48c4-9156-a26922837387_3.png",
    "status": "success",
    "attempts": 1
  },
  {
    "s3Key": "462fb63e-7024-4ad8-b1be-5ee121c49e96_Thornybush_LR.jpg",
    "payloadMediaID": 752,
    "newS3Url": "https://kiuli-bucket.s3.eu-north-1.amazonaws.com/680dff493cf205005cf76e8f_462fb63e-7024-4ad8-b1be-5ee121c49e96_Thornybush_LR.jpg",
    "status": "success",
    "attempts": 1
  },
  {
    "s3Key": "7dba51b4-ee1f-4107-922d-8ba0999ac54e_10.jpg",
    "payloadMediaID": null,
    "newS3Url": null,
    "status": "failed",
    "error": "Failed to create Payload record (400): {\"errors\":[{\"name\":\"h\",\"data\":{\"errors\":[{\"message\":\"Value must be unique\",\"path\":\"filename\"}]},\"message\":\"The following field is invalid: filename\"}]}",
    "attempts": 3
  },
  {
    "s3Key": "7e963f23-ab23-40a0-a0a6-0c2abc33b946_15.jpg",
    "payloadMediaID": null,
    "newS3Url": null,
    "status": "failed",
    "error": "Failed to create Payload record (400): {\"errors\":[{\"name\":\"h\",\"data\":{\"errors\":[{\"message\":\"Value must be unique\",\"path\":\"filename\"}]},\"message\":\"The following field is invalid: filename\"}]}",
    "attempts": 3
  },
  {
    "s3Key": "a76ebf12-4151-499c-8255-72fe0ce4b61a_12.jpg",
    "payloadMediaID": null,
    "newS3Url": null,
    "status": "failed",
    "error": "Failed to create Payload record (400): {\"errors\":[{\"name\":\"h\",\"data\":{\"errors\":[{\"message\":\"Value must be unique\",\"path\":\"filename\"}]},\"message\":\"The following field is invalid: filename\"}]}",
    "attempts": 3
  },
  {
    "s3Key": "564d1e71-296c-4e3f-bc21-cb59689bbfe1_14.jpg",
    "payloadMediaID": null,
    "newS3Url": null,
    "status": "failed",
    "error": "Failed to create Payload record (400): {\"errors\":[{\"name\":\"h\",\"data\":{\"errors\":[{\"message\":\"Value must be unique\",\"path\":\"filename\"}]},\"message\":\"The following field is invalid: filename\"}]}",
    "attempts": 3
  },
  {
    "s3Key": "1f1742fa-6e45-4a29-adfc-f23f0a66e1d1_11.jpg",
    "payloadMediaID": null,
    "newS3Url": null,
    "status": "failed",
    "error": "Failed to create Payload record (400): {\"errors\":[{\"name\":\"h\",\"data\":{\"errors\":[{\"message\":\"Value must be unique\",\"path\":\"filename\"}]},\"message\":\"The following field is invalid: filename\"}]}",
    "attempts": 3
  },
  {
    "s3Key": "d9f7fcc2-ce91-426c-ab25-105daa6cf38a_13.jpg",
    "payloadMediaID": null,
    "newS3Url": null,
    "status": "failed",
    "error": "Failed to create Payload record (400): {\"errors\":[{\"name\":\"h\",\"data\":{\"errors\":[{\"message\":\"Value must be unique\",\"path\":\"filename\"}]},\"message\":\"The following field is invalid: filename\"}]}",
    "attempts": 3
  },
  {
    "s3Key": "f710c0de-4efd-4142-80b7-dd904d144e7b_7.jpg",
    "payloadMediaID": null,
    "newS3Url": null,
    "status": "failed",
    "error": "Failed to create Payload record (400): {\"errors\":[{\"name\":\"h\",\"data\":{\"errors\":[{\"message\":\"Value must be unique\",\"path\":\"filename\"}]},\"message\":\"The following field is invalid: filename\"}]}",
    "attempts": 3
  },
  {
    "s3Key": "171573c2-27a7-4344-9552-0e7935267cbf_9.jpg",
    "payloadMediaID": null,
    "newS3Url": null,
    "status": "failed",
    "error": "Failed to create Payload record (400): {\"errors\":[{\"name\":\"h\",\"data\":{\"errors\":[{\"message\":\"Value must be unique\",\"path\":\"filename\"}]},\"message\":\"The following field is invalid: filename\"}]}",
    "attempts": 3
  },
  {
    "s3Key": "06db965a-c33a-425e-b431-a4064f1899cc_1.jpg",
    "payloadMediaID": null,
    "newS3Url": null,
    "status": "failed",
    "error": "Failed to create Payload record (400): {\"errors\":[{\"name\":\"h\",\"data\":{\"errors\":[{\"message\":\"Value must be unique\",\"path\":\"filename\"}]},\"message\":\"The following field is invalid: filename\"}]}",
    "attempts": 3
  },
  {
    "s3Key": "757bb496-523f-46b0-b07a-33ecc1d79157_6.jpg",
    "payloadMediaID": null,
    "newS3Url": null,
    "status": "failed",
    "error": "Failed to create Payload record (400): {\"errors\":[{\"name\":\"h\",\"data\":{\"errors\":[{\"message\":\"Value must be unique\",\"path\":\"filename\"}]},\"message\":\"The following field is invalid: filename\"}]}",
    "attempts": 3
  },
  {
    "s3Key": "3467b0e0-8676-45ff-b380-9e95481c5f90_8.jpg",
    "payloadMediaID": null,
    "newS3Url": null,
    "status": "failed",
    "error": "Failed to create Payload record (400): {\"errors\":[{\"name\":\"h\",\"data\":{\"errors\":[{\"message\":\"Value must be unique\",\"path\":\"filename\"}]},\"message\":\"The following field is invalid: filename\"}]}",
    "attempts": 3
  },
  {
    "s3Key": "386cf17b-739c-4006-a71b-50ec169aecff_4.jpg",
    "payloadMediaID": null,
    "newS3Url": null,
    "status": "failed",
    "error": "Failed to create Payload record (400): {\"errors\":[{\"name\":\"h\",\"data\":{\"errors\":[{\"message\":\"Value must be unique\",\"path\":\"filename\"}]},\"message\":\"The following field is invalid: filename\"}]}",
    "attempts": 3
  },
  {
    "s3Key": "64383812-44a5-46bb-807c-4cc947ae781a_5.jpg",
    "payloadMediaID": null,
    "newS3Url": null,
    "status": "failed",
    "error": "Failed to create Payload record (400): {\"errors\":[{\"name\":\"h\",\"data\":{\"errors\":[{\"message\":\"Value must be unique\",\"path\":\"filename\"}]},\"message\":\"The following field is invalid: filename\"}]}",
    "attempts": 3
  },
  {
    "s3Key": "891b879a-48c2-4b27-a242-9ab336616d94_3.jpg",
    "payloadMediaID": null,
    "newS3Url": null,
    "status": "failed",
    "error": "Failed to create Payload record (400): {\"errors\":[{\"name\":\"h\",\"data\":{\"errors\":[{\"message\":\"Value must be unique\",\"path\":\"filename\"}]},\"message\":\"The following field is invalid: filename\"}]}",
    "attempts": 3
  },
  {
    "s3Key": "de207c57-6c2b-421a-b923-231a5bd8c980_Grootbos_-_Garden_Lodge_-__Lush_Gardens_and_Lodge-upscale.jpeg",
    "payloadMediaID": null,
    "newS3Url": null,
    "status": "failed",
    "error": "Failed to create Payload record (400): {\"errors\":[{\"name\":\"h\",\"data\":{\"errors\":[{\"message\":\"Value must be unique\",\"path\":\"filename\"}]},\"message\":\"The following field is invalid: filename\"}]}",
    "attempts": 3
  },
  {
    "s3Key": "acb4801f-2f3f-4fa4-ad1a-fdb8d379ec5a_1.jpg",
    "payloadMediaID": null,
    "newS3Url": null,
    "status": "failed",
    "error": "Failed to create Payload record (400): {\"errors\":[{\"name\":\"h\",\"data\":{\"errors\":[{\"message\":\"Value must be unique\",\"path\":\"filename\"}]},\"message\":\"The following field is invalid: filename\"}]}",
    "attempts": 3
  },
  {
    "s3Key": "4ef297aa-e377-4ec9-8efd-87ad6d9e3e1a_2.jpg",
    "payloadMediaID": null,
    "newS3Url": null,
    "status": "failed",
    "error": "Failed to create Payload record (400): {\"errors\":[{\"name\":\"h\",\"data\":{\"errors\":[{\"message\":\"Value must be unique\",\"path\":\"filename\"}]},\"message\":\"The following field is invalid: filename\"}]}",
    "attempts": 3
  },
  {
    "s3Key": "46e4633b-a591-4110-b8dc-7bfa41544258_3.jpg",
    "payloadMediaID": null,
    "newS3Url": null,
    "status": "failed",
    "error": "Failed to create Payload record (400): {\"errors\":[{\"name\":\"h\",\"data\":{\"errors\":[{\"message\":\"Value must be unique\",\"path\":\"filename\"}]},\"message\":\"The following field is invalid: filename\"}]}",
    "attempts": 3
  },
  {
    "s3Key": "52684099-49bf-4c5d-af8b-5dec35649aa5_5.jpg",
    "payloadMediaID": null,
    "newS3Url": null,
    "status": "failed",
    "error": "Failed to create Payload record (400): {\"errors\":[{\"name\":\"h\",\"data\":{\"errors\":[{\"message\":\"Value must be unique\",\"path\":\"filename\"}]},\"message\":\"The following field is invalid: filename\"}]}",
    "attempts": 3
  },
  {
    "s3Key": "455fa8b7-30ad-491c-81ac-bb60beca6609_4.jpg",
    "payloadMediaID": null,
    "newS3Url": null,
    "status": "failed",
    "error": "Failed to create Payload record (400): {\"errors\":[{\"name\":\"h\",\"data\":{\"errors\":[{\"message\":\"Value must be unique\",\"path\":\"filename\"}]},\"message\":\"The following field is invalid: filename\"}]}",
    "attempts": 3
  },
  {
    "s3Key": "d67cca6a-e0b9-4c8b-af03-edf030d5c761_6.jpg",
    "payloadMediaID": null,
    "newS3Url": null,
    "status": "failed",
    "error": "Failed to create Payload record (400): {\"errors\":[{\"name\":\"h\",\"data\":{\"errors\":[{\"message\":\"Value must be unique\",\"path\":\"filename\"}]},\"message\":\"The following field is invalid: filename\"}]}",
    "attempts": 3
  },
  {
    "s3Key": "26edc793-3a22-4abb-958e-cdc841675227_7.jpg",
    "payloadMediaID": null,
    "newS3Url": null,
    "status": "failed",
    "error": "Failed to create Payload record (400): {\"errors\":[{\"name\":\"h\",\"data\":{\"errors\":[{\"message\":\"Value must be unique\",\"path\":\"filename\"}]},\"message\":\"The following field is invalid: filename\"}]}",
    "attempts": 3
  },
  {
    "s3Key": "8ab33cc4-2b1a-45c0-9336-86c52ba79b99_8.jpg",
    "payloadMediaID": null,
    "newS3Url": null,
    "status": "failed",
    "error": "Failed to create Payload record (400): {\"errors\":[{\"name\":\"h\",\"data\":{\"errors\":[{\"message\":\"Value must be unique\",\"path\":\"filename\"}]},\"message\":\"The following field is invalid: filename\"}]}",
    "attempts": 3
  },
  {
    "s3Key": "6afd78f8-5191-4f4f-b68b-e57dc1e00c7f_9.jpg",
    "payloadMediaID": null,
    "newS3Url": null,
    "status": "failed",
    "error": "Failed to create Payload record (400): {\"errors\":[{\"name\":\"h\",\"data\":{\"errors\":[{\"message\":\"Value must be unique\",\"path\":\"filename\"}]},\"message\":\"The following field is invalid: filename\"}]}",
    "attempts": 3
  },
  {
    "s3Key": "8dfbd656-84c9-45fc-902d-b718b39933c6_13.jpg",
    "payloadMediaID": null,
    "newS3Url": null,
    "status": "failed",
    "error": "Failed to create Payload record (400): {\"errors\":[{\"name\":\"h\",\"data\":{\"errors\":[{\"message\":\"Value must be unique\",\"path\":\"filename\"}]},\"message\":\"The following field is invalid: filename\"}]}",
    "attempts": 3
  },
  {
    "s3Key": "c9390fed-6bd0-42ec-ae6e-0360cbecf233_12.jpg",
    "payloadMediaID": null,
    "newS3Url": null,
    "status": "failed",
    "error": "Failed to create Payload record (400): {\"errors\":[{\"name\":\"h\",\"data\":{\"errors\":[{\"message\":\"Value must be unique\",\"path\":\"filename\"}]},\"message\":\"The following field is invalid: filename\"}]}",
    "attempts": 3
  },
  {
    "s3Key": "cc22cd70-2590-49c6-b5d9-9b0c47606701_10.jpg",
    "payloadMediaID": null,
    "newS3Url": null,
    "status": "failed",
    "error": "Failed to create Payload record (400): {\"errors\":[{\"name\":\"h\",\"data\":{\"errors\":[{\"message\":\"Value must be unique\",\"path\":\"filename\"}]},\"message\":\"The following field is invalid: filename\"}]}",
    "attempts": 3
  },
  {
    "s3Key": "432f955f-1cd7-4874-92dc-274750ed74c0_14.jpg",
    "payloadMediaID": null,
    "newS3Url": null,
    "status": "failed",
    "error": "Failed to create Payload record (400): {\"errors\":[{\"name\":\"h\",\"data\":{\"errors\":[{\"message\":\"Value must be unique\",\"path\":\"filename\"}]},\"message\":\"The following field is invalid: filename\"}]}",
    "attempts": 3
  },
  {
    "s3Key": "74e27cd5-584b-4293-9ebb-b98588252961_15.jpg",
    "payloadMediaID": null,
    "newS3Url": null,
    "status": "failed",
    "error": "Failed to create Payload record (400): {\"errors\":[{\"name\":\"h\",\"data\":{\"errors\":[{\"message\":\"Value must be unique\",\"path\":\"filename\"}]},\"message\":\"The following field is invalid: filename\"}]}",
    "attempts": 3
  },
  {
    "s3Key": "75d087cf-d8f8-4f2f-8ffc-bcfe51a5d915_11.jpg",
    "payloadMediaID": null,
    "newS3Url": null,
    "status": "failed",
    "error": "Failed to create Payload record (400): {\"errors\":[{\"name\":\"h\",\"data\":{\"errors\":[{\"message\":\"Value must be unique\",\"path\":\"filename\"}]},\"message\":\"The following field is invalid: filename\"}]}",
    "attempts": 3
  },
  {
    "s3Key": "a7f3d2b2-219c-4048-b7d9-168e6d5a346e_1.jpg",
    "payloadMediaID": null,
    "newS3Url": null,
    "status": "failed",
    "error": "Failed to create Payload record (400): {\"errors\":[{\"name\":\"h\",\"data\":{\"errors\":[{\"message\":\"Value must be unique\",\"path\":\"filename\"}]},\"message\":\"The following field is invalid: filename\"}]}",
    "attempts": 3
  },
  {
    "s3Key": "9a280e00-5a6b-4cac-944f-2fee18c8079b_5.jpg",
    "payloadMediaID": null,
    "newS3Url": null,
    "status": "failed",
    "error": "Failed to create Payload record (400): {\"errors\":[{\"name\":\"h\",\"data\":{\"errors\":[{\"message\":\"Value must be unique\",\"path\":\"filename\"}]},\"message\":\"The following field is invalid: filename\"}]}",
    "attempts": 3
  },
  {
    "s3Key": "a330dfc4-7e0f-4715-a0a4-67b65ca8b640_2.jpg",
    "payloadMediaID": null,
    "newS3Url": null,
    "status": "failed",
    "error": "Failed to create Payload record (400): {\"errors\":[{\"name\":\"h\",\"data\":{\"errors\":[{\"message\":\"Value must be unique\",\"path\":\"filename\"}]},\"message\":\"The following field is invalid: filename\"}]}",
    "attempts": 3
  },
  {
    "s3Key": "967a2438-a678-43d4-9268-9662ff80f7b7_4.jpg",
    "payloadMediaID": null,
    "newS3Url": null,
    "status": "failed",
    "error": "Failed to create Payload record (400): {\"errors\":[{\"name\":\"h\",\"data\":{\"errors\":[{\"message\":\"Value must be unique\",\"path\":\"filename\"}]},\"message\":\"The following field is invalid: filename\"}]}",
    "attempts": 3
  },
  {
    "s3Key": "a2abbb98-7b44-4040-88d4-04a8015a1dbe_3.jpg",
    "payloadMediaID": null,
    "newS3Url": null,
    "status": "failed",
    "error": "Failed to create Payload record (400): {\"errors\":[{\"name\":\"h\",\"data\":{\"errors\":[{\"message\":\"Value must be unique\",\"path\":\"filename\"}]},\"message\":\"The following field is invalid: filename\"}]}",
    "attempts": 3
  },
  {
    "s3Key": "d139a5ae-a336-47f0-a9f2-c25a446939b4_7.jpg",
    "payloadMediaID": null,
    "newS3Url": null,
    "status": "failed",
    "error": "Failed to create Payload record (400): {\"errors\":[{\"name\":\"h\",\"data\":{\"errors\":[{\"message\":\"Value must be unique\",\"path\":\"filename\"}]},\"message\":\"The following field is invalid: filename\"}]}",
    "attempts": 3
  },
  {
    "s3Key": "1492ca1a-7fa6-4cac-a492-9c9e747d25b4_9.jpg",
    "payloadMediaID": null,
    "newS3Url": null,
    "status": "failed",
    "error": "Failed to create Payload record (400): {\"errors\":[{\"name\":\"h\",\"data\":{\"errors\":[{\"message\":\"Value must be unique\",\"path\":\"filename\"}]},\"message\":\"The following field is invalid: filename\"}]}",
    "attempts": 3
  },
  {
    "s3Key": "902c47e9-87f4-41f8-92a0-8f4c5e00385a_6.jpg",
    "payloadMediaID": null,
    "newS3Url": null,
    "status": "failed",
    "error": "Failed to create Payload record (400): {\"errors\":[{\"name\":\"h\",\"data\":{\"errors\":[{\"message\":\"Value must be unique\",\"path\":\"filename\"}]},\"message\":\"The following field is invalid: filename\"}]}",
    "attempts": 3
  },
  {
    "s3Key": "c6cf511b-8055-4cf2-a265-00625ed1be52_6.jpg",
    "payloadMediaID": null,
    "newS3Url": null,
    "status": "failed",
    "error": "Failed to create Payload record (400): {\"errors\":[{\"name\":\"h\",\"data\":{\"errors\":[{\"message\":\"Value must be unique\",\"path\":\"filename\"}]},\"message\":\"The following field is invalid: filename\"}]}",
    "attempts": 3
  },
  {
    "s3Key": "6ec5bac5-777a-4d34-8a9f-1c1eaf4febed_8.jpg",
    "payloadMediaID": null,
    "newS3Url": null,
    "status": "failed",
    "error": "Failed to create Payload record (400): {\"errors\":[{\"name\":\"h\",\"data\":{\"errors\":[{\"message\":\"Value must be unique\",\"path\":\"filename\"}]},\"message\":\"The following field is invalid: filename\"}]}",
    "attempts": 3
  },
  {
    "s3Key": "e5aefc3b-16e3-44c7-b6e8-2de4930fc72f_11.jpg",
    "payloadMediaID": null,
    "newS3Url": null,
    "status": "failed",
    "error": "Failed to create Payload record (400): {\"errors\":[{\"name\":\"h\",\"data\":{\"errors\":[{\"message\":\"Value must be unique\",\"path\":\"filename\"}]},\"message\":\"The following field is invalid: filename\"}]}",
    "attempts": 3
  },
  {
    "s3Key": "82a31eda-9fcc-417f-83d2-54482ce4a39d_10.jpg",
    "payloadMediaID": null,
    "newS3Url": null,
    "status": "failed",
    "error": "Failed to create Payload record (400): {\"errors\":[{\"name\":\"h\",\"data\":{\"errors\":[{\"message\":\"Value must be unique\",\"path\":\"filename\"}]},\"message\":\"The following field is invalid: filename\"}]}",
    "attempts": 3
  },
  {
    "s3Key": "8ed64dab-4613-41fe-bdfd-02df51281352_5.jpg",
    "payloadMediaID": null,
    "newS3Url": null,
    "status": "failed",
    "error": "Failed to create Payload record (400): {\"errors\":[{\"name\":\"h\",\"data\":{\"errors\":[{\"message\":\"Value must be unique\",\"path\":\"filename\"}]},\"message\":\"The following field is invalid: filename\"}]}",
    "attempts": 3
  },
  {
    "s3Key": "02d5d7ee-0ad4-456e-849c-c2b2f415fca6_4.jpg",
    "payloadMediaID": null,
    "newS3Url": null,
    "status": "failed",
    "error": "Failed to create Payload record (400): {\"errors\":[{\"name\":\"h\",\"data\":{\"errors\":[{\"message\":\"Value must be unique\",\"path\":\"filename\"}]},\"message\":\"The following field is invalid: filename\"}]}",
    "attempts": 3
  },
  {
    "s3Key": "402c2d89-4e9a-4b86-aabb-ef7d19258b7b_1.jpg",
    "payloadMediaID": null,
    "newS3Url": null,
    "status": "failed",
    "error": "Failed to create Payload record (400): {\"errors\":[{\"name\":\"h\",\"data\":{\"errors\":[{\"message\":\"Value must be unique\",\"path\":\"filename\"}]},\"message\":\"The following field is invalid: filename\"}]}",
    "attempts": 3
  },
  {
    "s3Key": "1887e8db-0bf4-462b-8275-050cbc3aa06d_2.jpg",
    "payloadMediaID": null,
    "newS3Url": null,
    "status": "failed",
    "error": "Failed to create Payload record (400): {\"errors\":[{\"name\":\"h\",\"data\":{\"errors\":[{\"message\":\"Value must be unique\",\"path\":\"filename\"}]},\"message\":\"The following field is invalid: filename\"}]}",
    "attempts": 3
  },
  {
    "s3Key": "f65227b3-25de-4cf3-b614-e1d82c23bfb7_3.jpg",
    "payloadMediaID": null,
    "newS3Url": null,
    "status": "failed",
    "error": "Failed to create Payload record (400): {\"errors\":[{\"name\":\"h\",\"data\":{\"errors\":[{\"message\":\"Value must be unique\",\"path\":\"filename\"}]},\"message\":\"The following field is invalid: filename\"}]}",
    "attempts": 3
  },
  {
    "s3Key": "31fff401-8ead-4a85-b7dd-1ed5215f62ba_14.jpg",
    "payloadMediaID": null,
    "newS3Url": null,
    "status": "failed",
    "error": "Failed to create Payload record (400): {\"errors\":[{\"name\":\"h\",\"data\":{\"errors\":[{\"message\":\"Value must be unique\",\"path\":\"filename\"}]},\"message\":\"The following field is invalid: filename\"}]}",
    "attempts": 3
  },
  {
    "s3Key": "a0144618-40ac-4ffe-aff3-aab39e7b0e06_13.jpg",
    "payloadMediaID": null,
    "newS3Url": null,
    "status": "failed",
    "error": "Failed to create Payload record (400): {\"errors\":[{\"name\":\"h\",\"data\":{\"errors\":[{\"message\":\"Value must be unique\",\"path\":\"filename\"}]},\"message\":\"The following field is invalid: filename\"}]}",
    "attempts": 3
  },
  {
    "s3Key": "00bc668d-fd0f-4e2d-94a2-d186ecce66dd_12.jpg",
    "payloadMediaID": null,
    "newS3Url": null,
    "status": "failed",
    "error": "Failed to create Payload record (400): {\"errors\":[{\"name\":\"h\",\"data\":{\"errors\":[{\"message\":\"Value must be unique\",\"path\":\"filename\"}]},\"message\":\"The following field is invalid: filename\"}]}",
    "attempts": 3
  },
  {
    "s3Key": "e59a1791-358b-47f0-80a9-c5c02a4159c5_westcamp-evening-upscale.jpeg",
    "payloadMediaID": null,
    "newS3Url": null,
    "status": "failed",
    "error": "Failed to create Payload record (400): {\"errors\":[{\"name\":\"h\",\"data\":{\"errors\":[{\"message\":\"Value must be unique\",\"path\":\"filename\"}]},\"message\":\"The following field is invalid: filename\"}]}",
    "attempts": 3
  },
  {
    "s3Key": "12dd75ba-615a-428f-86cc-e02fea433dd5_1.jpg",
    "payloadMediaID": null,
    "newS3Url": null,
    "status": "failed",
    "error": "Failed to create Payload record (400): {\"errors\":[{\"name\":\"h\",\"data\":{\"errors\":[{\"message\":\"Value must be unique\",\"path\":\"filename\"}]},\"message\":\"The following field is invalid: filename\"}]}",
    "attempts": 3
  },
  {
    "s3Key": "139a0c18-c360-4a73-ba1f-0f27fa165435_11d65129-a2b1-4e98-add5-6e7b686d7c78.jpg",
    "payloadMediaID": null,
    "newS3Url": null,
    "status": "failed",
    "error": "Failed to create Payload record (400): {\"errors\":[{\"name\":\"h\",\"data\":{\"errors\":[{\"message\":\"Value must be unique\",\"path\":\"filename\"}]},\"message\":\"The following field is invalid: filename\"}]}",
    "attempts": 3
  },
  {
    "s3Key": "b11329d6-5225-4841-848f-8e50aaa41508_11.jpg",
    "payloadMediaID": null,
    "newS3Url": null,
    "status": "failed",
    "error": "Failed to create Payload record (400): {\"errors\":[{\"name\":\"h\",\"data\":{\"errors\":[{\"message\":\"Value must be unique\",\"path\":\"filename\"}]},\"message\":\"The following field is invalid: filename\"}]}",
    "attempts": 3
  },
  {
    "s3Key": "3091bcb3-b6bb-43ad-a78f-2c15699e7131_10.jpg",
    "payloadMediaID": null,
    "newS3Url": null,
    "status": "failed",
    "error": "Failed to create Payload record (400): {\"errors\":[{\"name\":\"h\",\"data\":{\"errors\":[{\"message\":\"Value must be unique\",\"path\":\"filename\"}]},\"message\":\"The following field is invalid: filename\"}]}",
    "attempts": 3
  },
  {
    "s3Key": "77fc5e43-9f1e-42cc-a63a-0cf86d183ab4_9.jpg",
    "payloadMediaID": null,
    "newS3Url": null,
    "status": "failed",
    "error": "Failed to create Payload record (400): {\"errors\":[{\"name\":\"h\",\"data\":{\"errors\":[{\"message\":\"Value must be unique\",\"path\":\"filename\"}]},\"message\":\"The following field is invalid: filename\"}]}",
    "attempts": 3
  },
  {
    "s3Key": "b0fd486c-c4a9-4e00-8b31-ce20814c4fe5_8.jpg",
    "payloadMediaID": null,
    "newS3Url": null,
    "status": "failed",
    "error": "Failed to create Payload record (400): {\"errors\":[{\"name\":\"h\",\"data\":{\"errors\":[{\"message\":\"Value must be unique\",\"path\":\"filename\"}]},\"message\":\"The following field is invalid: filename\"}]}",
    "attempts": 3
  },
  {
    "s3Key": "cc73d1c8-64d1-48cb-82fb-a4bc02146d06_12.jpg",
    "payloadMediaID": null,
    "newS3Url": null,
    "status": "failed",
    "error": "Failed to create Payload record (400): {\"errors\":[{\"name\":\"h\",\"data\":{\"errors\":[{\"message\":\"Value must be unique\",\"path\":\"filename\"}]},\"message\":\"The following field is invalid: filename\"}]}",
    "attempts": 3
  },
  {
    "s3Key": "68ec70ea-b5b3-48e5-85bd-cff2ad4712f2_6.jpg",
    "payloadMediaID": null,
    "newS3Url": null,
    "status": "failed",
    "error": "Failed to create Payload record (400): {\"errors\":[{\"name\":\"h\",\"data\":{\"errors\":[{\"message\":\"Value must be unique\",\"path\":\"filename\"}]},\"message\":\"The following field is invalid: filename\"}]}",
    "attempts": 3
  },
  {
    "s3Key": "eb707757-fd6b-403e-9b6a-0792211d3e2e_7.jpg",
    "payloadMediaID": null,
    "newS3Url": null,
    "status": "failed",
    "error": "Failed to create Payload record (400): {\"errors\":[{\"name\":\"h\",\"data\":{\"errors\":[{\"message\":\"Value must be unique\",\"path\":\"filename\"}]},\"message\":\"The following field is invalid: filename\"}]}",
    "attempts": 3
  },
  {
    "s3Key": "70ef9d38-46e6-456c-a388-89a5f7c4bd29_15.jpg",
    "payloadMediaID": null,
    "newS3Url": null,
    "status": "failed",
    "error": "Failed to create Payload record (400): {\"errors\":[{\"name\":\"h\",\"data\":{\"errors\":[{\"message\":\"Value must be unique\",\"path\":\"filename\"}]},\"message\":\"The following field is invalid: filename\"}]}",
    "attempts": 3
  },
  {
    "s3Key": "14c9baa4-92af-4f89-be47-ab162d76b5ed_3.jpg",
    "payloadMediaID": null,
    "newS3Url": null,
    "status": "failed",
    "error": "Failed to create Payload record (400): {\"errors\":[{\"name\":\"h\",\"data\":{\"errors\":[{\"message\":\"Value must be unique\",\"path\":\"filename\"}]},\"message\":\"The following field is invalid: filename\"}]}",
    "attempts": 3
  },
  {
    "s3Key": "5e605c1d-50a2-44df-bb39-5cf348a48ee6_4.jpg",
    "payloadMediaID": null,
    "newS3Url": null,
    "status": "failed",
    "error": "Failed to create Payload record (400): {\"errors\":[{\"name\":\"h\",\"data\":{\"errors\":[{\"message\":\"Value must be unique\",\"path\":\"filename\"}]},\"message\":\"The following field is invalid: filename\"}]}",
    "attempts": 3
  },
  {
    "s3Key": "12117803-bf61-42a8-a4b0-8ecc655a4003_17.jpg",
    "payloadMediaID": null,
    "newS3Url": null,
    "status": "failed",
    "error": "Failed to create Payload record (400): {\"errors\":[{\"name\":\"h\",\"data\":{\"errors\":[{\"message\":\"Value must be unique\",\"path\":\"filename\"}]},\"message\":\"The following field is invalid: filename\"}]}",
    "attempts": 3
  },
  {
    "s3Key": "0b79bd89-e09a-4241-a42e-e05fc635ffc5_14.jpg",
    "payloadMediaID": null,
    "newS3Url": null,
    "status": "failed",
    "error": "Failed to create Payload record (400): {\"errors\":[{\"name\":\"h\",\"data\":{\"errors\":[{\"message\":\"Value must be unique\",\"path\":\"filename\"}]},\"message\":\"The following field is invalid: filename\"}]}",
    "attempts": 3
  },
  {
    "s3Key": "c62a0a67-da70-452d-8675-34a5099cd00b_16.jpg",
    "payloadMediaID": null,
    "newS3Url": null,
    "status": "failed",
    "error": "Failed to create Payload record (400): {\"errors\":[{\"name\":\"h\",\"data\":{\"errors\":[{\"message\":\"Value must be unique\",\"path\":\"filename\"}]},\"message\":\"The following field is invalid: filename\"}]}",
    "attempts": 3
  },
  {
    "s3Key": "0e9bdaa9-39fa-4a37-8d12-ae4bac44f487_18.jpg",
    "payloadMediaID": null,
    "newS3Url": null,
    "status": "failed",
    "error": "Failed to create Payload record (400): {\"errors\":[{\"name\":\"h\",\"data\":{\"errors\":[{\"message\":\"Value must be unique\",\"path\":\"filename\"}]},\"message\":\"The following field is invalid: filename\"}]}",
    "attempts": 3
  },
  {
    "s3Key": "361c9148-605e-4469-b6d0-745051083c3c_5.jpg",
    "payloadMediaID": null,
    "newS3Url": null,
    "status": "failed",
    "error": "Failed to create Payload record (400): {\"errors\":[{\"name\":\"h\",\"data\":{\"errors\":[{\"message\":\"Value must be unique\",\"path\":\"filename\"}]},\"message\":\"The following field is invalid: filename\"}]}",
    "attempts": 3
  }
]