{
  "docs": [
    {
      "id": 721,
      "sourceS3Key": "a25bf302-71ca-4f09-9c46-823dc07ab6ce_2.png",
      "processingStatus": "complete",
      "processingError": null,
      "labelingStatus": "complete",
      "usedInItineraries": [
        15
      ],
      "alt": "Lodge exterior at Karibu Entebbe, Uganda, with lush greenery and vibrant flowers.",
      "caption": null,
      "location": null,
      "country": "Uganda",
      "imageType": "accommodation",
      "animals": [],
      "tags": [
        "Karibu Entebbe",
        "Uganda",
        "lodge",
        "greenery",
        "flowers",
        "peaceful",
        "serene",
        "afternoon",
        "luxury",
        "travel",
        "nature"
      ],
      "altText": "Lodge exterior at Karibu Entebbe, Uganda, with lush greenery and vibrant flowers.",
      "isHero": false,
      "quality": "high",
      "sourceItinerary": "15",
      "s3Key": null,
      "sourceUrl": null,
      "originalS3Key": "media/originals/15/a25bf302-71ca-4f09-9c46-823dc07ab6ce_2.png",
      "imgixUrl": "https://kiuli.imgix.net/media/originals/15/a25bf302-71ca-4f09-9c46-823dc07ab6ce_2.png?auto=format%2Ccompress&q=80",
      "sourceProperty": "Karibu Entebbe",
      "sourceSegmentType": "stay",
      "sourceSegmentTitle": "Karibu Entebbe",
      "sourceDayIndex": 1,
      "scene": "Lush green lodge surrounded by vibrant foliage",
      "mood": [
        "serene",
        "peaceful",
        "luxurious"
      ],
      "timeOfDay": "afternoon",
      "setting": [
        "lodge-exterior"
      ],
      "composition": "establishing",
      "suitableFor": [
        "hero-banner",
        "article-feature",
        "gallery",
        "social",
        "print"
      ],
      "folder": null,
      "updatedAt": "2026-01-17T13:01:13.989Z",
      "createdAt": "2026-01-17T13:00:47.401Z",
      "url": "/api/media/file/a25bf302-71ca-4f09-9c46-823dc07ab6ce_2.png",
      "thumbnailURL": "/api/media/file/a25bf302-71ca-4f09-9c46-823dc07ab6ce_2-300x169.jpg",
      "filename": "a25bf302-71ca-4f09-9c46-823dc07ab6ce_2.png",
      "mimeType": "image/jpeg",
      "filesize": 767192,
      "width": 1920,
      "height": 1080,
      "focalX": 50,
      "focalY": 50,
      "sizes": {
        "thumbnail": {
          "url": "/api/media/file/a25bf302-71ca-4f09-9c46-823dc07ab6ce_2-300x169.jpg",
          "width": 300,
          "height": 169,
          "mimeType": "image/jpeg",
          "filesize": 20956,
          "filename": "a25bf302-71ca-4f09-9c46-823dc07ab6ce_2-300x169.jpg"
        },
        "square": {
          "url": "/api/media/file/a25bf302-71ca-4f09-9c46-823dc07ab6ce_2-500x500.jpg",
          "width": 500,
          "height": 500,
          "mimeType": "image/jpeg",
          "filesize": 96105,
          "filename": "a25bf302-71ca-4f09-9c46-823dc07ab6ce_2-500x500.jpg"
        },
        "small": {
          "url": "/api/media/file/a25bf302-71ca-4f09-9c46-823dc07ab6ce_2-600x338.jpg",
          "width": 600,
          "height": 338,
          "mimeType": "image/jpeg",
          "filesize": 80756,
          "filename": "a25bf302-71ca-4f09-9c46-823dc07ab6ce_2-600x338.jpg"
        },
        "medium": {
          "url": "/api/media/file/a25bf302-71ca-4f09-9c46-823dc07ab6ce_2-900x506.jpg",
          "width": 900,
          "height": 506,
          "mimeType": "image/jpeg",
          "filesize": 175877,
          "filename": "a25bf302-71ca-4f09-9c46-823dc07ab6ce_2-900x506.jpg"
        },
        "large": {
          "url": "/api/media/file/a25bf302-71ca-4f09-9c46-823dc07ab6ce_2-1400x788.jpg",
          "width": 1400,
          "height": 788,
          "mimeType": "image/jpeg",
          "filesize": 388878,
          "filename": "a25bf302-71ca-4f09-9c46-823dc07ab6ce_2-1400x788.jpg"
        },
        "xlarge": {
          "url": "/api/media/file/a25bf302-71ca-4f09-9c46-823dc07ab6ce_2-1920x1080.jpg",
          "width": 1920,
          "height": 1080,
          "mimeType": "image/jpeg",
          "filesize": 714779,
          "filename": "a25bf302-71ca-4f09-9c46-823dc07ab6ce_2-1920x1080.jpg"
        },
        "og": {
          "url": "/api/media/file/a25bf302-71ca-4f09-9c46-823dc07ab6ce_2-1200x630.jpg",
          "width": 1200,
          "height": 630,
          "mimeType": "image/jpeg",
          "filesize": 280411,
          "filename": "a25bf302-71ca-4f09-9c46-823dc07ab6ce_2-1200x630.jpg"
        }
      }
    },
    {
      "id": 720,
      "sourceS3Key": "35145c79-0eef-417a-941a-9e73393f82a5_6.png",
      "processingStatus": "complete",
      "processingError": null,
      "labelingStatus": "complete",
      "usedInItineraries": [
        15
      ],
      "alt": "Relaxing poolside scene at Karibu Entebbe, Uganda, with lush greenery and sun loungers.",
      "caption": null,
      "location": null,
      "country": "Uganda",
      "imageType": "accommodation",
      "animals": [],
      "tags": [
        "Karibu Entebbe",
        "Uganda",
        "pool",
        "tropical",
        "relaxation",
        "lodge",
        "luxury",
        "outdoor",
        "vacation",
        "afternoon"
      ],
      "altText": "Relaxing poolside scene at Karibu Entebbe, Uganda, with lush greenery and sun loungers.",
      "isHero": false,
      "quality": "high",
      "sourceItinerary": "15",
      "s3Key": null,
      "sourceUrl": null,
      "originalS3Key": "media/originals/15/35145c79-0eef-417a-941a-9e73393f82a5_6.png",
      "imgixUrl": "https://kiuli.imgix.net/media/originals/15/35145c79-0eef-417a-941a-9e73393f82a5_6.png?auto=format%2Ccompress&q=80",
      "sourceProperty": "Karibu Entebbe",
      "sourceSegmentType": "stay",
      "sourceSegmentTitle": "Karibu Entebbe",
      "sourceDayIndex": 1,
      "scene": "Tropical pool area with lush greenery and loungers",
      "mood": [
        "serene",
        "luxurious",
        "peaceful"
      ],
      "timeOfDay": "afternoon",
      "setting": [
        "pool-deck",
        "lodge-exterior"
      ],
      "composition": "establishing",
      "suitableFor": [
        "article-feature",
        "gallery",
        "social"
      ],
      "folder": null,
      "updatedAt": "2026-01-17T13:01:13.733Z",
      "createdAt": "2026-01-17T13:00:36.616Z",
      "url": "/api/media/file/35145c79-0eef-417a-941a-9e73393f82a5_6.png",
      "thumbnailURL": "/api/media/file/35145c79-0eef-417a-941a-9e73393f82a5_6-300x169.jpg",
      "filename": "35145c79-0eef-417a-941a-9e73393f82a5_6.png",
      "mimeType": "image/jpeg",
      "filesize": 658387,
      "width": 1920,
      "height": 1080,
      "focalX": 50,
      "focalY": 50,
      "sizes": {
        "thumbnail": {
          "url": "/api/media/file/35145c79-0eef-417a-941a-9e73393f82a5_6-300x169.jpg",
          "width": 300,
          "height": 169,
          "mimeType": "image/jpeg",
          "filesize": 17767,
          "filename": "35145c79-0eef-417a-941a-9e73393f82a5_6-300x169.jpg"
        },
        "square": {
          "url": "/api/media/file/35145c79-0eef-417a-941a-9e73393f82a5_6-500x500.jpg",
          "width": 500,
          "height": 500,
          "mimeType": "image/jpeg",
          "filesize": 82120,
          "filename": "35145c79-0eef-417a-941a-9e73393f82a5_6-500x500.jpg"
        },
        "small": {
          "url": "/api/media/file/35145c79-0eef-417a-941a-9e73393f82a5_6-600x338.jpg",
          "width": 600,
          "height": 338,
          "mimeType": "image/jpeg",
          "filesize": 67247,
          "filename": "35145c79-0eef-417a-941a-9e73393f82a5_6-600x338.jpg"
        },
        "medium": {
          "url": "/api/media/file/35145c79-0eef-417a-941a-9e73393f82a5_6-900x506.jpg",
          "width": 900,
          "height": 506,
          "mimeType": "image/jpeg",
          "filesize": 143689,
          "filename": "35145c79-0eef-417a-941a-9e73393f82a5_6-900x506.jpg"
        },
        "large": {
          "url": "/api/media/file/35145c79-0eef-417a-941a-9e73393f82a5_6-1400x788.jpg",
          "width": 1400,
          "height": 788,
          "mimeType": "image/jpeg",
          "filesize": 320104,
          "filename": "35145c79-0eef-417a-941a-9e73393f82a5_6-1400x788.jpg"
        },
        "xlarge": {
          "url": "/api/media/file/35145c79-0eef-417a-941a-9e73393f82a5_6-1920x1080.jpg",
          "width": 1920,
          "height": 1080,
          "mimeType": "image/jpeg",
          "filesize": 609192,
          "filename": "35145c79-0eef-417a-941a-9e73393f82a5_6-1920x1080.jpg"
        },
        "og": {
          "url": "/api/media/file/35145c79-0eef-417a-941a-9e73393f82a5_6-1200x630.jpg",
          "width": 1200,
          "height": 630,
          "mimeType": "image/jpeg",
          "filesize": 225518,
          "filename": "35145c79-0eef-417a-941a-9e73393f82a5_6-1200x630.jpg"
        }
      }
    },
    {
      "id": 719,
      "sourceS3Key": "c609a5c5-32da-42aa-b932-86f644aebd35_1.png",
      "processingStatus": "complete",
      "processingError": null,
      "labelingStatus": "complete",
      "usedInItineraries": [
        15
      ],
      "alt": "Outdoor seating with umbrellas on a lawn at Karibu Entebbe in Uganda.",
      "caption": null,
      "location": null,
      "country": "Uganda",
      "imageType": "accommodation",
      "animals": [],
      "tags": [
        "Karibu Entebbe",
        "Uganda",
        "lodge",
        "outdoor seating",
        "green lawn",
        "umbrellas",
        "relaxation",
        "tropical",
        "landscape",
        "midday",
        "peaceful"
      ],
      "altText": "Outdoor seating with umbrellas on a lawn at Karibu Entebbe in Uganda.",
      "isHero": false,
      "quality": "high",
      "sourceItinerary": "15",
      "s3Key": null,
      "sourceUrl": null,
      "originalS3Key": "media/originals/15/c609a5c5-32da-42aa-b932-86f644aebd35_1.png",
      "imgixUrl": "https://kiuli.imgix.net/media/originals/15/c609a5c5-32da-42aa-b932-86f644aebd35_1.png?auto=format%2Ccompress&q=80",
      "sourceProperty": "Karibu Entebbe",
      "sourceSegmentType": "stay",
      "sourceSegmentTitle": "Karibu Entebbe",
      "sourceDayIndex": 1,
      "scene": "Chairs and umbrellas on a lush green lawn",
      "mood": [
        "serene",
        "peaceful",
        "luxurious"
      ],
      "timeOfDay": "midday",
      "setting": [
        "lodge-exterior"
      ],
      "composition": "establishing",
      "suitableFor": [
        "hero-banner",
        "article-feature",
        "gallery",
        "thumbnail",
        "social"
      ],
      "folder": null,
      "updatedAt": "2026-01-17T13:01:15.363Z",
      "createdAt": "2026-01-17T13:00:25.885Z",
      "url": "/api/media/file/c609a5c5-32da-42aa-b932-86f644aebd35_1.png",
      "thumbnailURL": "/api/media/file/c609a5c5-32da-42aa-b932-86f644aebd35_1-300x169.jpg",
      "filename": "c609a5c5-32da-42aa-b932-86f644aebd35_1.png",
      "mimeType": "image/jpeg",
      "filesize": 690336,
      "width": 1920,
      "height": 1080,
      "focalX": 50,
      "focalY": 50,
      "sizes": {
        "thumbnail": {
          "url": "/api/media/file/c609a5c5-32da-42aa-b932-86f644aebd35_1-300x169.jpg",
          "width": 300,
          "height": 169,
          "mimeType": "image/jpeg",
          "filesize": 17591,
          "filename": "c609a5c5-32da-42aa-b932-86f644aebd35_1-300x169.jpg"
        },
        "square": {
          "url": "/api/media/file/c609a5c5-32da-42aa-b932-86f644aebd35_1-500x500.jpg",
          "width": 500,
          "height": 500,
          "mimeType": "image/jpeg",
          "filesize": 76869,
          "filename": "c609a5c5-32da-42aa-b932-86f644aebd35_1-500x500.jpg"
        },
        "small": {
          "url": "/api/media/file/c609a5c5-32da-42aa-b932-86f644aebd35_1-600x338.jpg",
          "width": 600,
          "height": 338,
          "mimeType": "image/jpeg",
          "filesize": 67159,
          "filename": "c609a5c5-32da-42aa-b932-86f644aebd35_1-600x338.jpg"
        },
        "medium": {
          "url": "/api/media/file/c609a5c5-32da-42aa-b932-86f644aebd35_1-900x506.jpg",
          "width": 900,
          "height": 506,
          "mimeType": "image/jpeg",
          "filesize": 148122,
          "filename": "c609a5c5-32da-42aa-b932-86f644aebd35_1-900x506.jpg"
        },
        "large": {
          "url": "/api/media/file/c609a5c5-32da-42aa-b932-86f644aebd35_1-1400x788.jpg",
          "width": 1400,
          "height": 788,
          "mimeType": "image/jpeg",
          "filesize": 337167,
          "filename": "c609a5c5-32da-42aa-b932-86f644aebd35_1-1400x788.jpg"
        },
        "xlarge": {
          "url": "/api/media/file/c609a5c5-32da-42aa-b932-86f644aebd35_1-1920x1080.jpg",
          "width": 1920,
          "height": 1080,
          "mimeType": "image/jpeg",
          "filesize": 644647,
          "filename": "c609a5c5-32da-42aa-b932-86f644aebd35_1-1920x1080.jpg"
        },
        "og": {
          "url": "/api/media/file/c609a5c5-32da-42aa-b932-86f644aebd35_1-1200x630.jpg",
          "width": 1200,
          "height": 630,
          "mimeType": "image/jpeg",
          "filesize": 238274,
          "filename": "c609a5c5-32da-42aa-b932-86f644aebd35_1-1200x630.jpg"
        }
      }
    },
    {
      "id": 718,
      "sourceS3Key": "8522a0a9-75e9-43a2-a2e4-f62df9d67c04_4.png",
      "processingStatus": "complete",
      "processingError": null,
      "labelingStatus": "complete",
      "usedInItineraries": [
        15
      ],
      "alt": "Spacious bedroom at Karibu Entebbe with green decor and open doors to garden view.",
      "caption": null,
      "location": null,
      "country": "Uganda",
      "imageType": "accommodation",
      "animals": [],
      "tags": [
        "Karibu Entebbe",
        "bedroom",
        "lodge interior",
        "luxurious",
        "serene",
        "green decor",
        "Uganda",
        "nature view",
        "relaxation",
        "hospitality"
      ],
      "altText": "Spacious bedroom at Karibu Entebbe with green decor and open doors to garden view.",
      "isHero": false,
      "quality": "high",
      "sourceItinerary": "15",
      "s3Key": null,
      "sourceUrl": null,
      "originalS3Key": "media/originals/15/8522a0a9-75e9-43a2-a2e4-f62df9d67c04_4.png",
      "imgixUrl": "https://kiuli.imgix.net/media/originals/15/8522a0a9-75e9-43a2-a2e4-f62df9d67c04_4.png?auto=format%2Ccompress&q=80",
      "sourceProperty": "Karibu Entebbe",
      "sourceSegmentType": "stay",
      "sourceSegmentTitle": "Karibu Entebbe",
      "sourceDayIndex": 1,
      "scene": "Elegant bedroom with green accents and nature view",
      "mood": [
        "serene",
        "luxurious"
      ],
      "timeOfDay": "afternoon",
      "setting": [
        "bedroom",
        "lodge-interior"
      ],
      "composition": "establishing",
      "suitableFor": [
        "hero-banner",
        "article-feature",
        "gallery",
        "social",
        "print"
      ],
      "folder": null,
      "updatedAt": "2026-01-17T13:01:24.905Z",
      "createdAt": "2026-01-17T13:00:14.902Z",
      "url": "/api/media/file/8522a0a9-75e9-43a2-a2e4-f62df9d67c04_4.png",
      "thumbnailURL": "/api/media/file/8522a0a9-75e9-43a2-a2e4-f62df9d67c04_4-300x169.jpg",
      "filename": "8522a0a9-75e9-43a2-a2e4-f62df9d67c04_4.png",
      "mimeType": "image/jpeg",
      "filesize": 318799,
      "width": 1920,
      "height": 1080,
      "focalX": 50,
      "focalY": 50,
      "sizes": {
        "thumbnail": {
          "url": "/api/media/file/8522a0a9-75e9-43a2-a2e4-f62df9d67c04_4-300x169.jpg",
          "width": 300,
          "height": 169,
          "mimeType": "image/jpeg",
          "filesize": 12496,
          "filename": "8522a0a9-75e9-43a2-a2e4-f62df9d67c04_4-300x169.jpg"
        },
        "square": {
          "url": "/api/media/file/8522a0a9-75e9-43a2-a2e4-f62df9d67c04_4-500x500.jpg",
          "width": 500,
          "height": 500,
          "mimeType": "image/jpeg",
          "filesize": 43569,
          "filename": "8522a0a9-75e9-43a2-a2e4-f62df9d67c04_4-500x500.jpg"
        },
        "small": {
          "url": "/api/media/file/8522a0a9-75e9-43a2-a2e4-f62df9d67c04_4-600x338.jpg",
          "width": 600,
          "height": 338,
          "mimeType": "image/jpeg",
          "filesize": 38132,
          "filename": "8522a0a9-75e9-43a2-a2e4-f62df9d67c04_4-600x338.jpg"
        },
        "medium": {
          "url": "/api/media/file/8522a0a9-75e9-43a2-a2e4-f62df9d67c04_4-900x506.jpg",
          "width": 900,
          "height": 506,
          "mimeType": "image/jpeg",
          "filesize": 74085,
          "filename": "8522a0a9-75e9-43a2-a2e4-f62df9d67c04_4-900x506.jpg"
        },
        "large": {
          "url": "/api/media/file/8522a0a9-75e9-43a2-a2e4-f62df9d67c04_4-1400x788.jpg",
          "width": 1400,
          "height": 788,
          "mimeType": "image/jpeg",
          "filesize": 152478,
          "filename": "8522a0a9-75e9-43a2-a2e4-f62df9d67c04_4-1400x788.jpg"
        },
        "xlarge": {
          "url": "/api/media/file/8522a0a9-75e9-43a2-a2e4-f62df9d67c04_4-1920x1080.jpg",
          "width": 1920,
          "height": 1080,
          "mimeType": "image/jpeg",
          "filesize": 289639,
          "filename": "8522a0a9-75e9-43a2-a2e4-f62df9d67c04_4-1920x1080.jpg"
        },
        "og": {
          "url": "/api/media/file/8522a0a9-75e9-43a2-a2e4-f62df9d67c04_4-1200x630.jpg",
          "width": 1200,
          "height": 630,
          "mimeType": "image/jpeg",
          "filesize": 111664,
          "filename": "8522a0a9-75e9-43a2-a2e4-f62df9d67c04_4-1200x630.jpg"
        }
      }
    },
    {
      "id": 717,
      "sourceS3Key": "dc60a885-779a-4582-a351-67a60c922506_5.png",
      "processingStatus": "complete",
      "processingError": null,
      "labelingStatus": "complete",
      "usedInItineraries": [
        15
      ],
      "alt": "Spacious and bright bedroom at Karibu Entebbe in Uganda, featuring blue bedding and natural sunlight.",
      "caption": null,
      "location": null,
      "country": "Uganda",
      "imageType": "accommodation",
      "animals": [],
      "tags": [
        "Karibu Entebbe",
        "Uganda",
        "bedroom",
        "interior",
        "natural light",
        "blue accents",
        "serene",
        "luxurious",
        "afternoon",
        "travel",
        "relaxing"
      ],
      "altText": "Spacious and bright bedroom at Karibu Entebbe in Uganda, featuring blue bedding and natural sunlight.",
      "isHero": true,
      "quality": "high",
      "sourceItinerary": "15",
      "s3Key": null,
      "sourceUrl": null,
      "originalS3Key": "media/originals/15/dc60a885-779a-4582-a351-67a60c922506_5.png",
      "imgixUrl": "https://kiuli.imgix.net/media/originals/15/dc60a885-779a-4582-a351-67a60c922506_5.png?auto=format%2Ccompress&q=80",
      "sourceProperty": "Karibu Entebbe",
      "sourceSegmentType": "stay",
      "sourceSegmentTitle": "Karibu Entebbe",
      "sourceDayIndex": 1,
      "scene": "Bright bedroom with blue accents and natural light",
      "mood": [
        "serene",
        "luxurious"
      ],
      "timeOfDay": "afternoon",
      "setting": [
        "bedroom",
        "lodge-interior"
      ],
      "composition": "hero",
      "suitableFor": [
        "hero-banner",
        "article-feature",
        "gallery",
        "social",
        "print"
      ],
      "folder": null,
      "updatedAt": "2026-01-17T13:01:25.010Z",
      "createdAt": "2026-01-17T13:00:05.274Z",
      "url": "/api/media/file/dc60a885-779a-4582-a351-67a60c922506_5.png",
      "thumbnailURL": "/api/media/file/dc60a885-779a-4582-a351-67a60c922506_5-300x169.jpg",
      "filename": "dc60a885-779a-4582-a351-67a60c922506_5.png",
      "mimeType": "image/jpeg",
      "filesize": 358931,
      "width": 1920,
      "height": 1080,
      "focalX": 50,
      "focalY": 50,
      "sizes": {
        "thumbnail": {
          "url": "/api/media/file/dc60a885-779a-4582-a351-67a60c922506_5-300x169.jpg",
          "width": 300,
          "height": 169,
          "mimeType": "image/jpeg",
          "filesize": 12436,
          "filename": "dc60a885-779a-4582-a351-67a60c922506_5-300x169.jpg"
        },
        "square": {
          "url": "/api/media/file/dc60a885-779a-4582-a351-67a60c922506_5-500x500.jpg",
          "width": 500,
          "height": 500,
          "mimeType": "image/jpeg",
          "filesize": 48290,
          "filename": "dc60a885-779a-4582-a351-67a60c922506_5-500x500.jpg"
        },
        "small": {
          "url": "/api/media/file/dc60a885-779a-4582-a351-67a60c922506_5-600x338.jpg",
          "width": 600,
          "height": 338,
          "mimeType": "image/jpeg",
          "filesize": 40211,
          "filename": "dc60a885-779a-4582-a351-67a60c922506_5-600x338.jpg"
        },
        "medium": {
          "url": "/api/media/file/dc60a885-779a-4582-a351-67a60c922506_5-900x506.jpg",
          "width": 900,
          "height": 506,
          "mimeType": "image/jpeg",
          "filesize": 79743,
          "filename": "dc60a885-779a-4582-a351-67a60c922506_5-900x506.jpg"
        },
        "large": {
          "url": "/api/media/file/dc60a885-779a-4582-a351-67a60c922506_5-1400x788.jpg",
          "width": 1400,
          "height": 788,
          "mimeType": "image/jpeg",
          "filesize": 168520,
          "filename": "dc60a885-779a-4582-a351-67a60c922506_5-1400x788.jpg"
        },
        "xlarge": {
          "url": "/api/media/file/dc60a885-779a-4582-a351-67a60c922506_5-1920x1080.jpg",
          "width": 1920,
          "height": 1080,
          "mimeType": "image/jpeg",
          "filesize": 324635,
          "filename": "dc60a885-779a-4582-a351-67a60c922506_5-1920x1080.jpg"
        },
        "og": {
          "url": "/api/media/file/dc60a885-779a-4582-a351-67a60c922506_5-1200x630.jpg",
          "width": 1200,
          "height": 630,
          "mimeType": "image/jpeg",
          "filesize": 121829,
          "filename": "dc60a885-779a-4582-a351-67a60c922506_5-1200x630.jpg"
        }
      }
    },
    {
      "id": 716,
      "sourceS3Key": "c3df14ce-1006-42cc-8fde-ca3c5a138b69_7.png",
      "processingStatus": "complete",
      "processingError": null,
      "labelingStatus": "complete",
      "usedInItineraries": [
        15
      ],
      "alt": "Gourmet meal served at Karibu Entebbe, featuring various vibrant dishes on a white plate outdoors.",
      "caption": null,
      "location": null,
      "country": "Uganda",
      "imageType": "food",
      "animals": [],
      "tags": [
        "Karibu Entebbe",
        "Uganda",
        "gourmet",
        "dining",
        "outdoor",
        "luxury",
        "meal",
        "culinary",
        "midday",
        "food",
        "peaceful"
      ],
      "altText": "Gourmet meal served at Karibu Entebbe, featuring various vibrant dishes on a white plate outdoors.",
      "isHero": false,
      "quality": "high",
      "sourceItinerary": "15",
      "s3Key": null,
      "sourceUrl": null,
      "originalS3Key": "media/originals/15/c3df14ce-1006-42cc-8fde-ca3c5a138b69_7.png",
      "imgixUrl": "https://kiuli.imgix.net/media/originals/15/c3df14ce-1006-42cc-8fde-ca3c5a138b69_7.png?auto=format%2Ccompress&q=80",
      "sourceProperty": "Karibu Entebbe",
      "sourceSegmentType": "stay",
      "sourceSegmentTitle": "Karibu Entebbe",
      "sourceDayIndex": 1,
      "scene": "Gourmet dish served outdoors under sunlight",
      "mood": [
        "luxurious",
        "peaceful"
      ],
      "timeOfDay": "midday",
      "setting": [
        "dining"
      ],
      "composition": "detail",
      "suitableFor": [
        "article-feature",
        "gallery",
        "social",
        "print"
      ],
      "folder": null,
      "updatedAt": "2026-01-17T13:01:27.056Z",
      "createdAt": "2026-01-17T12:59:55.536Z",
      "url": "/api/media/file/c3df14ce-1006-42cc-8fde-ca3c5a138b69_7.png",
      "thumbnailURL": "/api/media/file/c3df14ce-1006-42cc-8fde-ca3c5a138b69_7-300x169.jpg",
      "filename": "c3df14ce-1006-42cc-8fde-ca3c5a138b69_7.png",
      "mimeType": "image/jpeg",
      "filesize": 315637,
      "width": 1920,
      "height": 1080,
      "focalX": 50,
      "focalY": 50,
      "sizes": {
        "thumbnail": {
          "url": "/api/media/file/c3df14ce-1006-42cc-8fde-ca3c5a138b69_7-300x169.jpg",
          "width": 300,
          "height": 169,
          "mimeType": "image/jpeg",
          "filesize": 11956,
          "filename": "c3df14ce-1006-42cc-8fde-ca3c5a138b69_7-300x169.jpg"
        },
        "square": {
          "url": "/api/media/file/c3df14ce-1006-42cc-8fde-ca3c5a138b69_7-500x500.jpg",
          "width": 500,
          "height": 500,
          "mimeType": "image/jpeg",
          "filesize": 45233,
          "filename": "c3df14ce-1006-42cc-8fde-ca3c5a138b69_7-500x500.jpg"
        },
        "small": {
          "url": "/api/media/file/c3df14ce-1006-42cc-8fde-ca3c5a138b69_7-600x338.jpg",
          "width": 600,
          "height": 338,
          "mimeType": "image/jpeg",
          "filesize": 36777,
          "filename": "c3df14ce-1006-42cc-8fde-ca3c5a138b69_7-600x338.jpg"
        },
        "medium": {
          "url": "/api/media/file/c3df14ce-1006-42cc-8fde-ca3c5a138b69_7-900x506.jpg",
          "width": 900,
          "height": 506,
          "mimeType": "image/jpeg",
          "filesize": 73787,
          "filename": "c3df14ce-1006-42cc-8fde-ca3c5a138b69_7-900x506.jpg"
        },
        "large": {
          "url": "/api/media/file/c3df14ce-1006-42cc-8fde-ca3c5a138b69_7-1400x788.jpg",
          "width": 1400,
          "height": 788,
          "mimeType": "image/jpeg",
          "filesize": 154524,
          "filename": "c3df14ce-1006-42cc-8fde-ca3c5a138b69_7-1400x788.jpg"
        },
        "xlarge": {
          "url": "/api/media/file/c3df14ce-1006-42cc-8fde-ca3c5a138b69_7-1920x1080.jpg",
          "width": 1920,
          "height": 1080,
          "mimeType": "image/jpeg",
          "filesize": 287965,
          "filename": "c3df14ce-1006-42cc-8fde-ca3c5a138b69_7-1920x1080.jpg"
        },
        "og": {
          "url": "/api/media/file/c3df14ce-1006-42cc-8fde-ca3c5a138b69_7-1200x630.jpg",
          "width": 1200,
          "height": 630,
          "mimeType": "image/jpeg",
          "filesize": 114705,
          "filename": "c3df14ce-1006-42cc-8fde-ca3c5a138b69_7-1200x630.jpg"
        }
      }
    },
    {
      "id": 715,
      "sourceS3Key": "4395e65a-3f48-4c04-b1c5-eee5fc2d067c_1.png",
      "processingStatus": "complete",
      "processingError": null,
      "labelingStatus": "complete",
      "usedInItineraries": [
        15
      ],
      "alt": "Nile Safari Lodge in Uganda with thatched roof surrounded by dense greenery, perfect for an intimate safari retreat.",
      "caption": null,
      "location": null,
      "country": "Uganda",
      "imageType": "accommodation",
      "animals": [],
      "tags": [
        "Nile Safari Lodge",
        "Uganda",
        "thatched lodge",
        "forest",
        "luxury safari",
        "intimate",
        "serene",
        "lodge exterior",
        "wildlife retreat",
        "greenery",
        "afternoon"
      ],
      "altText": "Nile Safari Lodge in Uganda with thatched roof surrounded by dense greenery, perfect for an intimate safari retreat.",
      "isHero": true,
      "quality": "high",
      "sourceItinerary": "15",
      "s3Key": null,
      "sourceUrl": null,
      "originalS3Key": "media/originals/15/4395e65a-3f48-4c04-b1c5-eee5fc2d067c_1.png",
      "imgixUrl": "https://kiuli.imgix.net/media/originals/15/4395e65a-3f48-4c04-b1c5-eee5fc2d067c_1.png?auto=format%2Ccompress&q=80",
      "sourceProperty": "Nile Safari Lodge",
      "sourceSegmentType": "stay",
      "sourceSegmentTitle": "Nile Safari Lodge",
      "sourceDayIndex": 2,
      "scene": "Rustic thatched lodge nestled among lush greenery",
      "mood": [
        "serene",
        "intimate",
        "luxurious"
      ],
      "timeOfDay": "afternoon",
      "setting": [
        "lodge-exterior",
        "forest"
      ],
      "composition": "hero",
      "suitableFor": [
        "hero-banner",
        "article-feature",
        "gallery",
        "print"
      ],
      "folder": null,
      "updatedAt": "2026-01-17T13:01:47.991Z",
      "createdAt": "2026-01-17T12:59:46.207Z",
      "url": "/api/media/file/4395e65a-3f48-4c04-b1c5-eee5fc2d067c_1.png",
      "thumbnailURL": "/api/media/file/4395e65a-3f48-4c04-b1c5-eee5fc2d067c_1-300x169.jpg",
      "filename": "4395e65a-3f48-4c04-b1c5-eee5fc2d067c_1.png",
      "mimeType": "image/jpeg",
      "filesize": 2936967,
      "width": 3840,
      "height": 2160,
      "focalX": 50,
      "focalY": 50,
      "sizes": {
        "thumbnail": {
          "url": "/api/media/file/4395e65a-3f48-4c04-b1c5-eee5fc2d067c_1-300x169.jpg",
          "width": 300,
          "height": 169,
          "mimeType": "image/jpeg",
          "filesize": 22020,
          "filename": "4395e65a-3f48-4c04-b1c5-eee5fc2d067c_1-300x169.jpg"
        },
        "square": {
          "url": "/api/media/file/4395e65a-3f48-4c04-b1c5-eee5fc2d067c_1-500x500.jpg",
          "width": 500,
          "height": 500,
          "mimeType": "image/jpeg",
          "filesize": 106943,
          "filename": "4395e65a-3f48-4c04-b1c5-eee5fc2d067c_1-500x500.jpg"
        },
        "small": {
          "url": "/api/media/file/4395e65a-3f48-4c04-b1c5-eee5fc2d067c_1-600x338.jpg",
          "width": 600,
          "height": 338,
          "mimeType": "image/jpeg",
          "filesize": 89127,
          "filename": "4395e65a-3f48-4c04-b1c5-eee5fc2d067c_1-600x338.jpg"
        },
        "medium": {
          "url": "/api/media/file/4395e65a-3f48-4c04-b1c5-eee5fc2d067c_1-900x506.jpg",
          "width": 900,
          "height": 506,
          "mimeType": "image/jpeg",
          "filesize": 201007,
          "filename": "4395e65a-3f48-4c04-b1c5-eee5fc2d067c_1-900x506.jpg"
        },
        "large": {
          "url": "/api/media/file/4395e65a-3f48-4c04-b1c5-eee5fc2d067c_1-1400x788.jpg",
          "width": 1400,
          "height": 788,
          "mimeType": "image/jpeg",
          "filesize": 483861,
          "filename": "4395e65a-3f48-4c04-b1c5-eee5fc2d067c_1-1400x788.jpg"
        },
        "xlarge": {
          "url": "/api/media/file/4395e65a-3f48-4c04-b1c5-eee5fc2d067c_1-1920x1080.jpg",
          "width": 1920,
          "height": 1080,
          "mimeType": "image/jpeg",
          "filesize": 858379,
          "filename": "4395e65a-3f48-4c04-b1c5-eee5fc2d067c_1-1920x1080.jpg"
        },
        "og": {
          "url": "/api/media/file/4395e65a-3f48-4c04-b1c5-eee5fc2d067c_1-1200x630.jpg",
          "width": 1200,
          "height": 630,
          "mimeType": "image/jpeg",
          "filesize": 334529,
          "filename": "4395e65a-3f48-4c04-b1c5-eee5fc2d067c_1-1200x630.jpg"
        }
      }
    },
    {
      "id": 714,
      "sourceS3Key": "2680cff1-c6eb-4aed-98e6-057e9048e816_2.png",
      "processingStatus": "complete",
      "processingError": null,
      "labelingStatus": "complete",
      "usedInItineraries": [
        15
      ],
      "alt": "Aerial view of Nile Safari Lodge in Uganda with pool, umbrellas, and greenery.",
      "caption": null,
      "location": null,
      "country": "Uganda",
      "imageType": "accommodation",
      "animals": [],
      "tags": [
        "Nile Safari Lodge",
        "Uganda",
        "aerial",
        "pool",
        "lodge",
        "greenery",
        "luxury",
        "afternoon",
        "travel",
        "recreation"
      ],
      "altText": "Aerial view of Nile Safari Lodge in Uganda with pool, umbrellas, and greenery.",
      "isHero": false,
      "quality": "high",
      "sourceItinerary": "15",
      "s3Key": null,
      "sourceUrl": null,
      "originalS3Key": "media/originals/15/2680cff1-c6eb-4aed-98e6-057e9048e816_2.png",
      "imgixUrl": "https://kiuli.imgix.net/media/originals/15/2680cff1-c6eb-4aed-98e6-057e9048e816_2.png?auto=format%2Ccompress&q=80",
      "sourceProperty": "Nile Safari Lodge",
      "sourceSegmentType": "stay",
      "sourceSegmentTitle": "Nile Safari Lodge",
      "sourceDayIndex": 2,
      "scene": "Aerial view of lodge, pool, and greenery.",
      "mood": [
        "luxurious",
        "serene"
      ],
      "timeOfDay": "afternoon",
      "setting": [
        "aerial",
        "lodge-exterior",
        "pool-deck"
      ],
      "composition": "action",
      "suitableFor": [
        "gallery",
        "article-feature",
        "social"
      ],
      "folder": null,
      "updatedAt": "2026-01-17T13:01:44.311Z",
      "createdAt": "2026-01-17T12:59:31.689Z",
      "url": "/api/media/file/2680cff1-c6eb-4aed-98e6-057e9048e816_2.png",
      "thumbnailURL": "/api/media/file/2680cff1-c6eb-4aed-98e6-057e9048e816_2-300x169.jpg",
      "filename": "2680cff1-c6eb-4aed-98e6-057e9048e816_2.png",
      "mimeType": "image/jpeg",
      "filesize": 2519847,
      "width": 3840,
      "height": 2160,
      "focalX": 50,
      "focalY": 50,
      "sizes": {
        "thumbnail": {
          "url": "/api/media/file/2680cff1-c6eb-4aed-98e6-057e9048e816_2-300x169.jpg",
          "width": 300,
          "height": 169,
          "mimeType": "image/jpeg",
          "filesize": 16134,
          "filename": "2680cff1-c6eb-4aed-98e6-057e9048e816_2-300x169.jpg"
        },
        "square": {
          "url": "/api/media/file/2680cff1-c6eb-4aed-98e6-057e9048e816_2-500x500.jpg",
          "width": 500,
          "height": 500,
          "mimeType": "image/jpeg",
          "filesize": 68243,
          "filename": "2680cff1-c6eb-4aed-98e6-057e9048e816_2-500x500.jpg"
        },
        "small": {
          "url": "/api/media/file/2680cff1-c6eb-4aed-98e6-057e9048e816_2-600x338.jpg",
          "width": 600,
          "height": 338,
          "mimeType": "image/jpeg",
          "filesize": 58823,
          "filename": "2680cff1-c6eb-4aed-98e6-057e9048e816_2-600x338.jpg"
        },
        "medium": {
          "url": "/api/media/file/2680cff1-c6eb-4aed-98e6-057e9048e816_2-900x506.jpg",
          "width": 900,
          "height": 506,
          "mimeType": "image/jpeg",
          "filesize": 125488,
          "filename": "2680cff1-c6eb-4aed-98e6-057e9048e816_2-900x506.jpg"
        },
        "large": {
          "url": "/api/media/file/2680cff1-c6eb-4aed-98e6-057e9048e816_2-1400x788.jpg",
          "width": 1400,
          "height": 788,
          "mimeType": "image/jpeg",
          "filesize": 292546,
          "filename": "2680cff1-c6eb-4aed-98e6-057e9048e816_2-1400x788.jpg"
        },
        "xlarge": {
          "url": "/api/media/file/2680cff1-c6eb-4aed-98e6-057e9048e816_2-1920x1080.jpg",
          "width": 1920,
          "height": 1080,
          "mimeType": "image/jpeg",
          "filesize": 530134,
          "filename": "2680cff1-c6eb-4aed-98e6-057e9048e816_2-1920x1080.jpg"
        },
        "og": {
          "url": "/api/media/file/2680cff1-c6eb-4aed-98e6-057e9048e816_2-1200x630.jpg",
          "width": 1200,
          "height": 630,
          "mimeType": "image/jpeg",
          "filesize": 200593,
          "filename": "2680cff1-c6eb-4aed-98e6-057e9048e816_2-1200x630.jpg"
        }
      }
    },
    {
      "id": 713,
      "sourceS3Key": "82d8b299-834c-4e05-a1c1-ca16b2133c0f_spa1-scaled1-upscale.jpeg",
      "processingStatus": "complete",
      "processingError": null,
      "labelingStatus": "complete",
      "usedInItineraries": [
        15
      ],
      "alt": "Relaxing outdoor spa at Nile Safari Lodge in Uganda with massage tables by the river.",
      "caption": null,
      "location": null,
      "country": "Uganda",
      "imageType": "accommodation",
      "animals": [],
      "tags": [
        "Nile Safari Lodge",
        "Uganda",
        "spa",
        "massage",
        "river",
        "outdoor",
        "luxury",
        "relaxation",
        "thatched roof",
        "nature"
      ],
      "altText": "Relaxing outdoor spa at Nile Safari Lodge in Uganda with massage tables by the river.",
      "isHero": false,
      "quality": "high",
      "sourceItinerary": "15",
      "s3Key": null,
      "sourceUrl": null,
      "originalS3Key": "media/originals/15/82d8b299-834c-4e05-a1c1-ca16b2133c0f_spa1-scaled1-upscale.jpeg",
      "imgixUrl": "https://kiuli.imgix.net/media/originals/15/82d8b299-834c-4e05-a1c1-ca16b2133c0f_spa1-scaled1-upscale.jpeg?auto=format%2Ccompress&q=80",
      "sourceProperty": "Nile Safari Lodge",
      "sourceSegmentType": "stay",
      "sourceSegmentTitle": "Nile Safari Lodge",
      "sourceDayIndex": 2,
      "scene": "Outdoor spa area overlooking river with massage tables",
      "mood": [
        "serene",
        "luxurious",
        "intimate"
      ],
      "timeOfDay": "afternoon",
      "setting": [
        "spa",
        "river-water",
        "lodge-exterior"
      ],
      "composition": "establishing",
      "suitableFor": [
        "hero-banner",
        "article-feature",
        "gallery",
        "social"
      ],
      "folder": null,
      "updatedAt": "2026-01-17T13:01:45.714Z",
      "createdAt": "2026-01-17T12:59:11.608Z",
      "url": "/api/media/file/82d8b299-834c-4e05-a1c1-ca16b2133c0f_spa1-scaled1-upscale.jpeg",
      "thumbnailURL": "/api/media/file/82d8b299-834c-4e05-a1c1-ca16b2133c0f_spa1-scaled1-upscale-300x169.jpg",
      "filename": "82d8b299-834c-4e05-a1c1-ca16b2133c0f_spa1-scaled1-upscale.jpeg",
      "mimeType": "image/jpeg",
      "filesize": 2992995,
      "width": 4608,
      "height": 2592,
      "focalX": 50,
      "focalY": 50,
      "sizes": {
        "thumbnail": {
          "url": "/api/media/file/82d8b299-834c-4e05-a1c1-ca16b2133c0f_spa1-scaled1-upscale-300x169.jpg",
          "width": 300,
          "height": 169,
          "mimeType": "image/jpeg",
          "filesize": 16714,
          "filename": "82d8b299-834c-4e05-a1c1-ca16b2133c0f_spa1-scaled1-upscale-300x169.jpg"
        },
        "square": {
          "url": "/api/media/file/82d8b299-834c-4e05-a1c1-ca16b2133c0f_spa1-scaled1-upscale-500x500.jpg",
          "width": 500,
          "height": 500,
          "mimeType": "image/jpeg",
          "filesize": 76971,
          "filename": "82d8b299-834c-4e05-a1c1-ca16b2133c0f_spa1-scaled1-upscale-500x500.jpg"
        },
        "small": {
          "url": "/api/media/file/82d8b299-834c-4e05-a1c1-ca16b2133c0f_spa1-scaled1-upscale-600x338.jpg",
          "width": 600,
          "height": 338,
          "mimeType": "image/jpeg",
          "filesize": 59828,
          "filename": "82d8b299-834c-4e05-a1c1-ca16b2133c0f_spa1-scaled1-upscale-600x338.jpg"
        },
        "medium": {
          "url": "/api/media/file/82d8b299-834c-4e05-a1c1-ca16b2133c0f_spa1-scaled1-upscale-900x506.jpg",
          "width": 900,
          "height": 506,
          "mimeType": "image/jpeg",
          "filesize": 128118,
          "filename": "82d8b299-834c-4e05-a1c1-ca16b2133c0f_spa1-scaled1-upscale-900x506.jpg"
        },
        "large": {
          "url": "/api/media/file/82d8b299-834c-4e05-a1c1-ca16b2133c0f_spa1-scaled1-upscale-1400x788.jpg",
          "width": 1400,
          "height": 788,
          "mimeType": "image/jpeg",
          "filesize": 298991,
          "filename": "82d8b299-834c-4e05-a1c1-ca16b2133c0f_spa1-scaled1-upscale-1400x788.jpg"
        },
        "xlarge": {
          "url": "/api/media/file/82d8b299-834c-4e05-a1c1-ca16b2133c0f_spa1-scaled1-upscale-1920x1080.jpg",
          "width": 1920,
          "height": 1080,
          "mimeType": "image/jpeg",
          "filesize": 537555,
          "filename": "82d8b299-834c-4e05-a1c1-ca16b2133c0f_spa1-scaled1-upscale-1920x1080.jpg"
        },
        "og": {
          "url": "/api/media/file/82d8b299-834c-4e05-a1c1-ca16b2133c0f_spa1-scaled1-upscale-1200x630.jpg",
          "width": 1200,
          "height": 630,
          "mimeType": "image/jpeg",
          "filesize": 208762,
          "filename": "82d8b299-834c-4e05-a1c1-ca16b2133c0f_spa1-scaled1-upscale-1200x630.jpg"
        }
      }
    },
    {
      "id": 712,
      "sourceS3Key": "93e1ab86-7d1b-4619-92ef-db17f0d8b755_nile-safari-lodge-family-banda-7357-scaled1-upscale.jpeg",
      "processingStatus": "complete",
      "processingError": null,
      "labelingStatus": "complete",
      "usedInItineraries": [
        15
      ],
      "alt": "Luxurious bedroom at Nile Safari Lodge in Uganda, featuring rustic wooden decor and large windows.",
      "caption": null,
      "location": null,
      "country": "Uganda",
      "imageType": "accommodation",
      "animals": [],
      "tags": [
        "Nile Safari Lodge",
        "luxury travel",
        "Uganda",
        "rustic interior",
        "bedroom",
        "safari lodge",
        "wooden decor",
        "intimate setting",
        "eco-lodge",
        "nature retreat"
      ],
      "altText": "Luxurious bedroom at Nile Safari Lodge in Uganda, featuring rustic wooden decor and large windows.",
      "isHero": true,
      "quality": "high",
      "sourceItinerary": "15",
      "s3Key": null,
      "sourceUrl": null,
      "originalS3Key": "media/originals/15/93e1ab86-7d1b-4619-92ef-db17f0d8b755_nile-safari-lodge-family-banda-7357-scaled1-upscale.jpeg",
      "imgixUrl": "https://kiuli.imgix.net/media/originals/15/93e1ab86-7d1b-4619-92ef-db17f0d8b755_nile-safari-lodge-family-banda-7357-scaled1-upscale.jpeg?auto=format%2Ccompress&q=80",
      "sourceProperty": "Nile Safari Lodge",
      "sourceSegmentType": "stay",
      "sourceSegmentTitle": "Nile Safari Lodge",
      "sourceDayIndex": 2,
      "scene": "Luxurious wooden cabin bedroom with rustic decor",
      "mood": [
        "luxurious",
        "intimate"
      ],
      "timeOfDay": "afternoon",
      "setting": [
        "bedroom",
        "lodge-interior"
      ],
      "composition": "hero",
      "suitableFor": [
        "hero-banner",
        "article-feature",
        "gallery",
        "social",
        "print"
      ],
      "folder": null,
      "updatedAt": "2026-01-17T13:02:04.413Z",
      "createdAt": "2026-01-17T12:58:57.441Z",
      "url": "/api/media/file/93e1ab86-7d1b-4619-92ef-db17f0d8b755_nile-safari-lodge-family-banda-7357-scaled1-upscale.jpeg",
      "thumbnailURL": "/api/media/file/93e1ab86-7d1b-4619-92ef-db17f0d8b755_nile-safari-lodge-family-banda-7357-scaled1-upscale-300x169.jpg",
      "filename": "93e1ab86-7d1b-4619-92ef-db17f0d8b755_nile-safari-lodge-family-banda-7357-scaled1-upscale.jpeg",
      "mimeType": "image/jpeg",
      "filesize": 2429565,
      "width": 4608,
      "height": 2592,
      "focalX": 50,
      "focalY": 50,
      "sizes": {
        "thumbnail": {
          "url": "/api/media/file/93e1ab86-7d1b-4619-92ef-db17f0d8b755_nile-safari-lodge-family-banda-7357-scaled1-upscale-300x169.jpg",
          "width": 300,
          "height": 169,
          "mimeType": "image/jpeg",
          "filesize": 15202,
          "filename": "93e1ab86-7d1b-4619-92ef-db17f0d8b755_nile-safari-lodge-family-banda-7357-scaled1-upscale-300x169.jpg"
        },
        "square": {
          "url": "/api/media/file/93e1ab86-7d1b-4619-92ef-db17f0d8b755_nile-safari-lodge-family-banda-7357-scaled1-upscale-500x500.jpg",
          "width": 500,
          "height": 500,
          "mimeType": "image/jpeg",
          "filesize": 50679,
          "filename": "93e1ab86-7d1b-4619-92ef-db17f0d8b755_nile-safari-lodge-family-banda-7357-scaled1-upscale-500x500.jpg"
        },
        "small": {
          "url": "/api/media/file/93e1ab86-7d1b-4619-92ef-db17f0d8b755_nile-safari-lodge-family-banda-7357-scaled1-upscale-600x338.jpg",
          "width": 600,
          "height": 338,
          "mimeType": "image/jpeg",
          "filesize": 48829,
          "filename": "93e1ab86-7d1b-4619-92ef-db17f0d8b755_nile-safari-lodge-family-banda-7357-scaled1-upscale-600x338.jpg"
        },
        "medium": {
          "url": "/api/media/file/93e1ab86-7d1b-4619-92ef-db17f0d8b755_nile-safari-lodge-family-banda-7357-scaled1-upscale-900x506.jpg",
          "width": 900,
          "height": 506,
          "mimeType": "image/jpeg",
          "filesize": 96500,
          "filename": "93e1ab86-7d1b-4619-92ef-db17f0d8b755_nile-safari-lodge-family-banda-7357-scaled1-upscale-900x506.jpg"
        },
        "large": {
          "url": "/api/media/file/93e1ab86-7d1b-4619-92ef-db17f0d8b755_nile-safari-lodge-family-banda-7357-scaled1-upscale-1400x788.jpg",
          "width": 1400,
          "height": 788,
          "mimeType": "image/jpeg",
          "filesize": 210378,
          "filename": "93e1ab86-7d1b-4619-92ef-db17f0d8b755_nile-safari-lodge-family-banda-7357-scaled1-upscale-1400x788.jpg"
        },
        "xlarge": {
          "url": "/api/media/file/93e1ab86-7d1b-4619-92ef-db17f0d8b755_nile-safari-lodge-family-banda-7357-scaled1-upscale-1920x1080.jpg",
          "width": 1920,
          "height": 1080,
          "mimeType": "image/jpeg",
          "filesize": 376306,
          "filename": "93e1ab86-7d1b-4619-92ef-db17f0d8b755_nile-safari-lodge-family-banda-7357-scaled1-upscale-1920x1080.jpg"
        },
        "og": {
          "url": "/api/media/file/93e1ab86-7d1b-4619-92ef-db17f0d8b755_nile-safari-lodge-family-banda-7357-scaled1-upscale-1200x630.jpg",
          "width": 1200,
          "height": 630,
          "mimeType": "image/jpeg",
          "filesize": 149558,
          "filename": "93e1ab86-7d1b-4619-92ef-db17f0d8b755_nile-safari-lodge-family-banda-7357-scaled1-upscale-1200x630.jpg"
        }
      }
    },
    {
      "id": 711,
      "sourceS3Key": "b533a705-e7bd-4def-b755-b31d07c2c772_exec-scaled1-upscale.jpeg",
      "processingStatus": "complete",
      "processingError": null,
      "labelingStatus": "complete",
      "usedInItineraries": [
        15
      ],
      "alt": "Luxurious bedroom interior with large windows at the Nile Safari Lodge, Uganda.",
      "caption": null,
      "location": null,
      "country": "Uganda",
      "imageType": "accommodation",
      "animals": [],
      "tags": [
        "Nile Safari Lodge",
        "Uganda",
        "luxury",
        "lodge",
        "interior",
        "bedroom",
        "wooden",
        "afternoon",
        "nature",
        "serene",
        "travel"
      ],
      "altText": "Luxurious bedroom interior with large windows at the Nile Safari Lodge, Uganda.",
      "isHero": false,
      "quality": "high",
      "sourceItinerary": "15",
      "s3Key": null,
      "sourceUrl": null,
      "originalS3Key": "media/originals/15/b533a705-e7bd-4def-b755-b31d07c2c772_exec-scaled1-upscale.jpeg",
      "imgixUrl": "https://kiuli.imgix.net/media/originals/15/b533a705-e7bd-4def-b755-b31d07c2c772_exec-scaled1-upscale.jpeg?auto=format%2Ccompress&q=80",
      "sourceProperty": "Nile Safari Lodge",
      "sourceSegmentType": "stay",
      "sourceSegmentTitle": "Nile Safari Lodge",
      "sourceDayIndex": 2,
      "scene": "Elegant lodge interior with large windows and wooden décor",
      "mood": [
        "luxurious",
        "serene"
      ],
      "timeOfDay": "afternoon",
      "setting": [
        "lodge-interior",
        "bedroom"
      ],
      "composition": "establishing",
      "suitableFor": [
        "article-feature",
        "gallery",
        "social",
        "print"
      ],
      "folder": null,
      "updatedAt": "2026-01-17T13:02:34.392Z",
      "createdAt": "2026-01-17T12:58:42.518Z",
      "url": "/api/media/file/b533a705-e7bd-4def-b755-b31d07c2c772_exec-scaled1-upscale.jpeg",
      "thumbnailURL": "/api/media/file/b533a705-e7bd-4def-b755-b31d07c2c772_exec-scaled1-upscale-300x169.jpg",
      "filename": "b533a705-e7bd-4def-b755-b31d07c2c772_exec-scaled1-upscale.jpeg",
      "mimeType": "image/jpeg",
      "filesize": 2972658,
      "width": 4608,
      "height": 2592,
      "focalX": 50,
      "focalY": 50,
      "sizes": {
        "thumbnail": {
          "url": "/api/media/file/b533a705-e7bd-4def-b755-b31d07c2c772_exec-scaled1-upscale-300x169.jpg",
          "width": 300,
          "height": 169,
          "mimeType": "image/jpeg",
          "filesize": 16605,
          "filename": "b533a705-e7bd-4def-b755-b31d07c2c772_exec-scaled1-upscale-300x169.jpg"
        },
        "square": {
          "url": "/api/media/file/b533a705-e7bd-4def-b755-b31d07c2c772_exec-scaled1-upscale-500x500.jpg",
          "width": 500,
          "height": 500,
          "mimeType": "image/jpeg",
          "filesize": 59757,
          "filename": "b533a705-e7bd-4def-b755-b31d07c2c772_exec-scaled1-upscale-500x500.jpg"
        },
        "small": {
          "url": "/api/media/file/b533a705-e7bd-4def-b755-b31d07c2c772_exec-scaled1-upscale-600x338.jpg",
          "width": 600,
          "height": 338,
          "mimeType": "image/jpeg",
          "filesize": 54963,
          "filename": "b533a705-e7bd-4def-b755-b31d07c2c772_exec-scaled1-upscale-600x338.jpg"
        },
        "medium": {
          "url": "/api/media/file/b533a705-e7bd-4def-b755-b31d07c2c772_exec-scaled1-upscale-900x506.jpg",
          "width": 900,
          "height": 506,
          "mimeType": "image/jpeg",
          "filesize": 111740,
          "filename": "b533a705-e7bd-4def-b755-b31d07c2c772_exec-scaled1-upscale-900x506.jpg"
        },
        "large": {
          "url": "/api/media/file/b533a705-e7bd-4def-b755-b31d07c2c772_exec-scaled1-upscale-1400x788.jpg",
          "width": 1400,
          "height": 788,
          "mimeType": "image/jpeg",
          "filesize": 255172,
          "filename": "b533a705-e7bd-4def-b755-b31d07c2c772_exec-scaled1-upscale-1400x788.jpg"
        },
        "xlarge": {
          "url": "/api/media/file/b533a705-e7bd-4def-b755-b31d07c2c772_exec-scaled1-upscale-1920x1080.jpg",
          "width": 1920,
          "height": 1080,
          "mimeType": "image/jpeg",
          "filesize": 462997,
          "filename": "b533a705-e7bd-4def-b755-b31d07c2c772_exec-scaled1-upscale-1920x1080.jpg"
        },
        "og": {
          "url": "/api/media/file/b533a705-e7bd-4def-b755-b31d07c2c772_exec-scaled1-upscale-1200x630.jpg",
          "width": 1200,
          "height": 630,
          "mimeType": "image/jpeg",
          "filesize": 181081,
          "filename": "b533a705-e7bd-4def-b755-b31d07c2c772_exec-scaled1-upscale-1200x630.jpg"
        }
      }
    },
    {
      "id": 710,
      "sourceS3Key": "c745e8c7-717a-42ec-83db-1fbf9d5534cf_DJI_0614-upscale.jpeg",
      "processingStatus": "complete",
      "processingError": null,
      "labelingStatus": "complete",
      "usedInItineraries": [
        15
      ],
      "alt": "Relaxing pool area at Nile Safari Lodge in Uganda, surrounded by lush greenery and rustic architecture.",
      "caption": null,
      "location": null,
      "country": "Uganda",
      "imageType": "accommodation",
      "animals": [],
      "tags": [
        "Nile Safari Lodge",
        "Uganda",
        "pool",
        "luxury",
        "relaxation",
        "greenery",
        "rustic",
        "architecture",
        "afternoon",
        "travel",
        "safari",
        "lodge"
      ],
      "altText": "Relaxing pool area at Nile Safari Lodge in Uganda, surrounded by lush greenery and rustic architecture.",
      "isHero": true,
      "quality": "high",
      "sourceItinerary": "15",
      "s3Key": null,
      "sourceUrl": null,
      "originalS3Key": "media/originals/15/c745e8c7-717a-42ec-83db-1fbf9d5534cf_DJI_0614-upscale.jpeg",
      "imgixUrl": "https://kiuli.imgix.net/media/originals/15/c745e8c7-717a-42ec-83db-1fbf9d5534cf_DJI_0614-upscale.jpeg?auto=format%2Ccompress&q=80",
      "sourceProperty": "Nile Safari Lodge",
      "sourceSegmentType": "stay",
      "sourceSegmentTitle": "Nile Safari Lodge",
      "sourceDayIndex": 2,
      "scene": "Pool area surrounded by lush greenery and rustic architecture",
      "mood": [
        "luxurious",
        "peaceful"
      ],
      "timeOfDay": "afternoon",
      "setting": [
        "pool-deck",
        "lodge-exterior"
      ],
      "composition": "hero",
      "suitableFor": [
        "hero-banner",
        "article-feature",
        "gallery",
        "social",
        "print"
      ],
      "folder": null,
      "updatedAt": "2026-01-17T13:02:30.985Z",
      "createdAt": "2026-01-17T12:58:27.266Z",
      "url": "/api/media/file/c745e8c7-717a-42ec-83db-1fbf9d5534cf_DJI_0614-upscale.jpeg",
      "thumbnailURL": "/api/media/file/c745e8c7-717a-42ec-83db-1fbf9d5534cf_DJI_0614-upscale-300x169.jpg",
      "filename": "c745e8c7-717a-42ec-83db-1fbf9d5534cf_DJI_0614-upscale.jpeg",
      "mimeType": "image/jpeg",
      "filesize": 3640139,
      "width": 4625,
      "height": 2602,
      "focalX": 50,
      "focalY": 50,
      "sizes": {
        "thumbnail": {
          "url": "/api/media/file/c745e8c7-717a-42ec-83db-1fbf9d5534cf_DJI_0614-upscale-300x169.jpg",
          "width": 300,
          "height": 169,
          "mimeType": "image/jpeg",
          "filesize": 17650,
          "filename": "c745e8c7-717a-42ec-83db-1fbf9d5534cf_DJI_0614-upscale-300x169.jpg"
        },
        "square": {
          "url": "/api/media/file/c745e8c7-717a-42ec-83db-1fbf9d5534cf_DJI_0614-upscale-500x500.jpg",
          "width": 500,
          "height": 500,
          "mimeType": "image/jpeg",
          "filesize": 74629,
          "filename": "c745e8c7-717a-42ec-83db-1fbf9d5534cf_DJI_0614-upscale-500x500.jpg"
        },
        "small": {
          "url": "/api/media/file/c745e8c7-717a-42ec-83db-1fbf9d5534cf_DJI_0614-upscale-600x338.jpg",
          "width": 600,
          "height": 338,
          "mimeType": "image/jpeg",
          "filesize": 64166,
          "filename": "c745e8c7-717a-42ec-83db-1fbf9d5534cf_DJI_0614-upscale-600x338.jpg"
        },
        "medium": {
          "url": "/api/media/file/c745e8c7-717a-42ec-83db-1fbf9d5534cf_DJI_0614-upscale-900x506.jpg",
          "width": 900,
          "height": 506,
          "mimeType": "image/jpeg",
          "filesize": 137624,
          "filename": "c745e8c7-717a-42ec-83db-1fbf9d5534cf_DJI_0614-upscale-900x506.jpg"
        },
        "large": {
          "url": "/api/media/file/c745e8c7-717a-42ec-83db-1fbf9d5534cf_DJI_0614-upscale-1400x788.jpg",
          "width": 1400,
          "height": 788,
          "mimeType": "image/jpeg",
          "filesize": 322366,
          "filename": "c745e8c7-717a-42ec-83db-1fbf9d5534cf_DJI_0614-upscale-1400x788.jpg"
        },
        "xlarge": {
          "url": "/api/media/file/c745e8c7-717a-42ec-83db-1fbf9d5534cf_DJI_0614-upscale-1920x1080.jpg",
          "width": 1920,
          "height": 1080,
          "mimeType": "image/jpeg",
          "filesize": 585736,
          "filename": "c745e8c7-717a-42ec-83db-1fbf9d5534cf_DJI_0614-upscale-1920x1080.jpg"
        },
        "og": {
          "url": "/api/media/file/c745e8c7-717a-42ec-83db-1fbf9d5534cf_DJI_0614-upscale-1200x630.jpg",
          "width": 1200,
          "height": 630,
          "mimeType": "image/jpeg",
          "filesize": 221801,
          "filename": "c745e8c7-717a-42ec-83db-1fbf9d5534cf_DJI_0614-upscale-1200x630.jpg"
        }
      }
    },
    {
      "id": 709,
      "sourceS3Key": "d8c1f613-86cf-4bc2-95ad-50664a0b9298_3.png",
      "processingStatus": "complete",
      "processingError": null,
      "labelingStatus": "complete",
      "usedInItineraries": [
        15
      ],
      "alt": "Luxurious pool with loungers at Nile Safari Lodge in Uganda, featuring thatched roof architecture.",
      "caption": null,
      "location": null,
      "country": "Uganda",
      "imageType": "accommodation",
      "animals": [],
      "tags": [
        "pool",
        "loungers",
        "Nile Safari Lodge",
        "lodge",
        "thatched roof",
        "Uganda",
        "luxury",
        "travel",
        "safari",
        "relaxation",
        "vacation"
      ],
      "altText": "Luxurious pool with loungers at Nile Safari Lodge in Uganda, featuring thatched roof architecture.",
      "isHero": false,
      "quality": "high",
      "sourceItinerary": "15",
      "s3Key": null,
      "sourceUrl": null,
      "originalS3Key": "media/originals/15/d8c1f613-86cf-4bc2-95ad-50664a0b9298_3.png",
      "imgixUrl": "https://kiuli.imgix.net/media/originals/15/d8c1f613-86cf-4bc2-95ad-50664a0b9298_3.png?auto=format%2Ccompress&q=80",
      "sourceProperty": "Nile Safari Lodge",
      "sourceSegmentType": "stay",
      "sourceSegmentTitle": "Nile Safari Lodge",
      "sourceDayIndex": 2,
      "scene": "Pool with loungers and thatched lodge in view",
      "mood": [
        "luxurious",
        "peaceful"
      ],
      "timeOfDay": "afternoon",
      "setting": [
        "pool-deck",
        "lodge-exterior"
      ],
      "composition": "establishing",
      "suitableFor": [
        "hero-banner",
        "article-feature",
        "gallery",
        "social",
        "print"
      ],
      "folder": null,
      "updatedAt": "2026-01-17T13:02:25.576Z",
      "createdAt": "2026-01-17T12:58:12.888Z",
      "url": "/api/media/file/d8c1f613-86cf-4bc2-95ad-50664a0b9298_3.png",
      "thumbnailURL": "/api/media/file/d8c1f613-86cf-4bc2-95ad-50664a0b9298_3-300x169.jpg",
      "filename": "d8c1f613-86cf-4bc2-95ad-50664a0b9298_3.png",
      "mimeType": "image/jpeg",
      "filesize": 1022943,
      "width": 3840,
      "height": 2160,
      "focalX": 50,
      "focalY": 50,
      "sizes": {
        "thumbnail": {
          "url": "/api/media/file/d8c1f613-86cf-4bc2-95ad-50664a0b9298_3-300x169.jpg",
          "width": 300,
          "height": 169,
          "mimeType": "image/jpeg",
          "filesize": 10810,
          "filename": "d8c1f613-86cf-4bc2-95ad-50664a0b9298_3-300x169.jpg"
        },
        "square": {
          "url": "/api/media/file/d8c1f613-86cf-4bc2-95ad-50664a0b9298_3-500x500.jpg",
          "width": 500,
          "height": 500,
          "mimeType": "image/jpeg",
          "filesize": 43316,
          "filename": "d8c1f613-86cf-4bc2-95ad-50664a0b9298_3-500x500.jpg"
        },
        "small": {
          "url": "/api/media/file/d8c1f613-86cf-4bc2-95ad-50664a0b9298_3-600x338.jpg",
          "width": 600,
          "height": 338,
          "mimeType": "image/jpeg",
          "filesize": 36126,
          "filename": "d8c1f613-86cf-4bc2-95ad-50664a0b9298_3-600x338.jpg"
        },
        "medium": {
          "url": "/api/media/file/d8c1f613-86cf-4bc2-95ad-50664a0b9298_3-900x506.jpg",
          "width": 900,
          "height": 506,
          "mimeType": "image/jpeg",
          "filesize": 74397,
          "filename": "d8c1f613-86cf-4bc2-95ad-50664a0b9298_3-900x506.jpg"
        },
        "large": {
          "url": "/api/media/file/d8c1f613-86cf-4bc2-95ad-50664a0b9298_3-1400x788.jpg",
          "width": 1400,
          "height": 788,
          "mimeType": "image/jpeg",
          "filesize": 166361,
          "filename": "d8c1f613-86cf-4bc2-95ad-50664a0b9298_3-1400x788.jpg"
        },
        "xlarge": {
          "url": "/api/media/file/d8c1f613-86cf-4bc2-95ad-50664a0b9298_3-1920x1080.jpg",
          "width": 1920,
          "height": 1080,
          "mimeType": "image/jpeg",
          "filesize": 293047,
          "filename": "d8c1f613-86cf-4bc2-95ad-50664a0b9298_3-1920x1080.jpg"
        },
        "og": {
          "url": "/api/media/file/d8c1f613-86cf-4bc2-95ad-50664a0b9298_3-1200x630.jpg",
          "width": 1200,
          "height": 630,
          "mimeType": "image/jpeg",
          "filesize": 123928,
          "filename": "d8c1f613-86cf-4bc2-95ad-50664a0b9298_3-1200x630.jpg"
        }
      }
    },
    {
      "id": 708,
      "sourceS3Key": "1936b9be-f3a3-476d-9b95-b13ab02e0e7a_nile-safari-lodge-exclusive-18-scaled1-upscale.jpeg",
      "processingStatus": "complete",
      "processingError": null,
      "labelingStatus": "complete",
      "usedInItineraries": [
        15
      ],
      "alt": "Outdoor dining area at Nile Safari Lodge, Uganda, overlooking a river at sunset.",
      "caption": null,
      "location": null,
      "country": "Uganda",
      "imageType": "accommodation",
      "animals": [],
      "tags": [
        "Nile Safari Lodge",
        "lodge-exterior",
        "outdoor dining",
        "river view",
        "sunset",
        "luxury",
        "Uganda",
        "serene",
        "relaxation",
        "travel",
        "nature",
        "deck"
      ],
      "altText": "Outdoor dining area at Nile Safari Lodge, Uganda, overlooking a river at sunset.",
      "isHero": false,
      "quality": "high",
      "sourceItinerary": "15",
      "s3Key": null,
      "sourceUrl": null,
      "originalS3Key": "media/originals/15/1936b9be-f3a3-476d-9b95-b13ab02e0e7a_nile-safari-lodge-exclusive-18-scaled1-upscale.jpeg",
      "imgixUrl": "https://kiuli.imgix.net/media/originals/15/1936b9be-f3a3-476d-9b95-b13ab02e0e7a_nile-safari-lodge-exclusive-18-scaled1-upscale.jpeg?auto=format%2Ccompress&q=80",
      "sourceProperty": "Nile Safari Lodge",
      "sourceSegmentType": "stay",
      "sourceSegmentTitle": "Nile Safari Lodge",
      "sourceDayIndex": 2,
      "scene": "Riverfront deck with dining setup at sunset",
      "mood": [
        "serene",
        "luxurious"
      ],
      "timeOfDay": "dusk",
      "setting": [
        "lodge-exterior",
        "river-water"
      ],
      "composition": "establishing",
      "suitableFor": [
        "hero-banner",
        "article-feature",
        "gallery",
        "social"
      ],
      "folder": null,
      "updatedAt": "2026-01-17T13:02:53.351Z",
      "createdAt": "2026-01-17T12:58:01.828Z",
      "url": "/api/media/file/1936b9be-f3a3-476d-9b95-b13ab02e0e7a_nile-safari-lodge-exclusive-18-scaled1-upscale.jpeg",
      "thumbnailURL": "/api/media/file/1936b9be-f3a3-476d-9b95-b13ab02e0e7a_nile-safari-lodge-exclusive-18-scaled1-upscale-300x169.jpg",
      "filename": "1936b9be-f3a3-476d-9b95-b13ab02e0e7a_nile-safari-lodge-exclusive-18-scaled1-upscale.jpeg",
      "mimeType": "image/jpeg",
      "filesize": 3162769,
      "width": 4608,
      "height": 2592,
      "focalX": 50,
      "focalY": 50,
      "sizes": {
        "thumbnail": {
          "url": "/api/media/file/1936b9be-f3a3-476d-9b95-b13ab02e0e7a_nile-safari-lodge-exclusive-18-scaled1-upscale-300x169.jpg",
          "width": 300,
          "height": 169,
          "mimeType": "image/jpeg",
          "filesize": 19158,
          "filename": "1936b9be-f3a3-476d-9b95-b13ab02e0e7a_nile-safari-lodge-exclusive-18-scaled1-upscale-300x169.jpg"
        },
        "square": {
          "url": "/api/media/file/1936b9be-f3a3-476d-9b95-b13ab02e0e7a_nile-safari-lodge-exclusive-18-scaled1-upscale-500x500.jpg",
          "width": 500,
          "height": 500,
          "mimeType": "image/jpeg",
          "filesize": 75245,
          "filename": "1936b9be-f3a3-476d-9b95-b13ab02e0e7a_nile-safari-lodge-exclusive-18-scaled1-upscale-500x500.jpg"
        },
        "small": {
          "url": "/api/media/file/1936b9be-f3a3-476d-9b95-b13ab02e0e7a_nile-safari-lodge-exclusive-18-scaled1-upscale-600x338.jpg",
          "width": 600,
          "height": 338,
          "mimeType": "image/jpeg",
          "filesize": 65002,
          "filename": "1936b9be-f3a3-476d-9b95-b13ab02e0e7a_nile-safari-lodge-exclusive-18-scaled1-upscale-600x338.jpg"
        },
        "medium": {
          "url": "/api/media/file/1936b9be-f3a3-476d-9b95-b13ab02e0e7a_nile-safari-lodge-exclusive-18-scaled1-upscale-900x506.jpg",
          "width": 900,
          "height": 506,
          "mimeType": "image/jpeg",
          "filesize": 133219,
          "filename": "1936b9be-f3a3-476d-9b95-b13ab02e0e7a_nile-safari-lodge-exclusive-18-scaled1-upscale-900x506.jpg"
        },
        "large": {
          "url": "/api/media/file/1936b9be-f3a3-476d-9b95-b13ab02e0e7a_nile-safari-lodge-exclusive-18-scaled1-upscale-1400x788.jpg",
          "width": 1400,
          "height": 788,
          "mimeType": "image/jpeg",
          "filesize": 296243,
          "filename": "1936b9be-f3a3-476d-9b95-b13ab02e0e7a_nile-safari-lodge-exclusive-18-scaled1-upscale-1400x788.jpg"
        },
        "xlarge": {
          "url": "/api/media/file/1936b9be-f3a3-476d-9b95-b13ab02e0e7a_nile-safari-lodge-exclusive-18-scaled1-upscale-1920x1080.jpg",
          "width": 1920,
          "height": 1080,
          "mimeType": "image/jpeg",
          "filesize": 524955,
          "filename": "1936b9be-f3a3-476d-9b95-b13ab02e0e7a_nile-safari-lodge-exclusive-18-scaled1-upscale-1920x1080.jpg"
        },
        "og": {
          "url": "/api/media/file/1936b9be-f3a3-476d-9b95-b13ab02e0e7a_nile-safari-lodge-exclusive-18-scaled1-upscale-1200x630.jpg",
          "width": 1200,
          "height": 630,
          "mimeType": "image/jpeg",
          "filesize": 210701,
          "filename": "1936b9be-f3a3-476d-9b95-b13ab02e0e7a_nile-safari-lodge-exclusive-18-scaled1-upscale-1200x630.jpg"
        }
      }
    },
    {
      "id": 707,
      "sourceS3Key": "eede5f87-dccb-4e82-9e09-09e09bd6c9c0_f6374666-f2bf-47d8-92e3-82c7b0bf0cca_nile5-upscale.jpeg",
      "processingStatus": "complete",
      "processingError": null,
      "labelingStatus": "complete",
      "usedInItineraries": [
        15
      ],
      "alt": "Luxurious bathroom with river view at Nile Safari Lodge, Uganda, featuring a thatched roof and elegant fixtures.",
      "caption": null,
      "location": null,
      "country": "Uganda",
      "imageType": "accommodation",
      "animals": [],
      "tags": [
        "Nile Safari Lodge",
        "luxury",
        "bathroom",
        "river view",
        "thatched roof",
        "interior",
        "Uganda",
        "serene",
        "elegant",
        "travel",
        "safari",
        "accommodation"
      ],
      "altText": "Luxurious bathroom with river view at Nile Safari Lodge, Uganda, featuring a thatched roof and elegant fixtures.",
      "isHero": false,
      "quality": "high",
      "sourceItinerary": "15",
      "s3Key": null,
      "sourceUrl": null,
      "originalS3Key": "media/originals/15/eede5f87-dccb-4e82-9e09-09e09bd6c9c0_f6374666-f2bf-47d8-92e3-82c7b0bf0cca_nile5-upscale.jpeg",
      "imgixUrl": "https://kiuli.imgix.net/media/originals/15/eede5f87-dccb-4e82-9e09-09e09bd6c9c0_f6374666-f2bf-47d8-92e3-82c7b0bf0cca_nile5-upscale.jpeg?auto=format%2Ccompress&q=80",
      "sourceProperty": "Nile Safari Lodge",
      "sourceSegmentType": "stay",
      "sourceSegmentTitle": "Nile Safari Lodge",
      "sourceDayIndex": 2,
      "scene": "Luxurious bathroom with river view and thatched roof",
      "mood": [
        "luxurious",
        "serene"
      ],
      "timeOfDay": "afternoon",
      "setting": [
        "lodge-interior",
        "river-water"
      ],
      "composition": "establishing",
      "suitableFor": [
        "hero-banner",
        "article-feature",
        "gallery",
        "print"
      ],
      "folder": null,
      "updatedAt": "2026-01-17T13:02:48.373Z",
      "createdAt": "2026-01-17T12:57:48.590Z",
      "url": "/api/media/file/eede5f87-dccb-4e82-9e09-09e09bd6c9c0_f6374666-f2bf-47d8-92e3-82c7b0bf0cca_nile5-upscale.jpeg",
      "thumbnailURL": "/api/media/file/eede5f87-dccb-4e82-9e09-09e09bd6c9c0_f6374666-f2bf-47d8-92e3-82c7b0bf0cca_nile5-upscale-300x169.jpg",
      "filename": "eede5f87-dccb-4e82-9e09-09e09bd6c9c0_f6374666-f2bf-47d8-92e3-82c7b0bf0cca_nile5-upscale.jpeg",
      "mimeType": "image/jpeg",
      "filesize": 3135727,
      "width": 4608,
      "height": 2593,
      "focalX": 50,
      "focalY": 50,
      "sizes": {
        "thumbnail": {
          "url": "/api/media/file/eede5f87-dccb-4e82-9e09-09e09bd6c9c0_f6374666-f2bf-47d8-92e3-82c7b0bf0cca_nile5-upscale-300x169.jpg",
          "width": 300,
          "height": 169,
          "mimeType": "image/jpeg",
          "filesize": 18161,
          "filename": "eede5f87-dccb-4e82-9e09-09e09bd6c9c0_f6374666-f2bf-47d8-92e3-82c7b0bf0cca_nile5-upscale-300x169.jpg"
        },
        "square": {
          "url": "/api/media/file/eede5f87-dccb-4e82-9e09-09e09bd6c9c0_f6374666-f2bf-47d8-92e3-82c7b0bf0cca_nile5-upscale-500x500.jpg",
          "width": 500,
          "height": 500,
          "mimeType": "image/jpeg",
          "filesize": 70503,
          "filename": "eede5f87-dccb-4e82-9e09-09e09bd6c9c0_f6374666-f2bf-47d8-92e3-82c7b0bf0cca_nile5-upscale-500x500.jpg"
        },
        "small": {
          "url": "/api/media/file/eede5f87-dccb-4e82-9e09-09e09bd6c9c0_f6374666-f2bf-47d8-92e3-82c7b0bf0cca_nile5-upscale-600x338.jpg",
          "width": 600,
          "height": 338,
          "mimeType": "image/jpeg",
          "filesize": 62253,
          "filename": "eede5f87-dccb-4e82-9e09-09e09bd6c9c0_f6374666-f2bf-47d8-92e3-82c7b0bf0cca_nile5-upscale-600x338.jpg"
        },
        "medium": {
          "url": "/api/media/file/eede5f87-dccb-4e82-9e09-09e09bd6c9c0_f6374666-f2bf-47d8-92e3-82c7b0bf0cca_nile5-upscale-900x506.jpg",
          "width": 900,
          "height": 506,
          "mimeType": "image/jpeg",
          "filesize": 131357,
          "filename": "eede5f87-dccb-4e82-9e09-09e09bd6c9c0_f6374666-f2bf-47d8-92e3-82c7b0bf0cca_nile5-upscale-900x506.jpg"
        },
        "large": {
          "url": "/api/media/file/eede5f87-dccb-4e82-9e09-09e09bd6c9c0_f6374666-f2bf-47d8-92e3-82c7b0bf0cca_nile5-upscale-1400x788.jpg",
          "width": 1400,
          "height": 788,
          "mimeType": "image/jpeg",
          "filesize": 304104,
          "filename": "eede5f87-dccb-4e82-9e09-09e09bd6c9c0_f6374666-f2bf-47d8-92e3-82c7b0bf0cca_nile5-upscale-1400x788.jpg"
        },
        "xlarge": {
          "url": "/api/media/file/eede5f87-dccb-4e82-9e09-09e09bd6c9c0_f6374666-f2bf-47d8-92e3-82c7b0bf0cca_nile5-upscale-1920x1080.jpg",
          "width": 1920,
          "height": 1080,
          "mimeType": "image/jpeg",
          "filesize": 542881,
          "filename": "eede5f87-dccb-4e82-9e09-09e09bd6c9c0_f6374666-f2bf-47d8-92e3-82c7b0bf0cca_nile5-upscale-1920x1080.jpg"
        },
        "og": {
          "url": "/api/media/file/eede5f87-dccb-4e82-9e09-09e09bd6c9c0_f6374666-f2bf-47d8-92e3-82c7b0bf0cca_nile5-upscale-1200x630.jpg",
          "width": 1200,
          "height": 630,
          "mimeType": "image/jpeg",
          "filesize": 212554,
          "filename": "eede5f87-dccb-4e82-9e09-09e09bd6c9c0_f6374666-f2bf-47d8-92e3-82c7b0bf0cca_nile5-upscale-1200x630.jpg"
        }
      }
    },
    {
      "id": 706,
      "sourceS3Key": "41d5d7b0-6438-42f5-a3a6-6175c90ca622_853cb954-db50-47f4-9b87-4a5c4af092db_nile7-upscale.jpeg",
      "processingStatus": "complete",
      "processingError": null,
      "labelingStatus": "complete",
      "usedInItineraries": [
        15
      ],
      "alt": "Lodge interior at Nile Safari Lodge, Uganda, featuring wooden decor and a terrace with a scenic view.",
      "caption": null,
      "location": null,
      "country": "Uganda",
      "imageType": "accommodation",
      "animals": [],
      "tags": [
        "Nile Safari Lodge",
        "Uganda",
        "lodge",
        "wooden decor",
        "terrace",
        "luxurious",
        "cozy",
        "serene",
        "intimate",
        "accommodation",
        "travel"
      ],
      "altText": "Lodge interior at Nile Safari Lodge, Uganda, featuring wooden decor and a terrace with a scenic view.",
      "isHero": false,
      "quality": "high",
      "sourceItinerary": "15",
      "s3Key": null,
      "sourceUrl": null,
      "originalS3Key": "media/originals/15/41d5d7b0-6438-42f5-a3a6-6175c90ca622_853cb954-db50-47f4-9b87-4a5c4af092db_nile7-upscale.jpeg",
      "imgixUrl": "https://kiuli.imgix.net/media/originals/15/41d5d7b0-6438-42f5-a3a6-6175c90ca622_853cb954-db50-47f4-9b87-4a5c4af092db_nile7-upscale.jpeg?auto=format%2Ccompress&q=80",
      "sourceProperty": "Nile Safari Lodge",
      "sourceSegmentType": "stay",
      "sourceSegmentTitle": "Nile Safari Lodge",
      "sourceDayIndex": 2,
      "scene": "Cozy lodge interior with wooden decor and terrace view",
      "mood": [
        "serene",
        "intimate",
        "luxurious"
      ],
      "timeOfDay": "afternoon",
      "setting": [
        "lodge-interior",
        "lodge-exterior"
      ],
      "composition": "establishing",
      "suitableFor": [
        "hero-banner",
        "article-feature",
        "gallery"
      ],
      "folder": null,
      "updatedAt": "2026-01-17T13:02:53.005Z",
      "createdAt": "2026-01-17T12:57:34.868Z",
      "url": "/api/media/file/41d5d7b0-6438-42f5-a3a6-6175c90ca622_853cb954-db50-47f4-9b87-4a5c4af092db_nile7-upscale.jpeg",
      "thumbnailURL": "/api/media/file/41d5d7b0-6438-42f5-a3a6-6175c90ca622_853cb954-db50-47f4-9b87-4a5c4af092db_nile7-upscale-300x169.jpg",
      "filename": "41d5d7b0-6438-42f5-a3a6-6175c90ca622_853cb954-db50-47f4-9b87-4a5c4af092db_nile7-upscale.jpeg",
      "mimeType": "image/jpeg",
      "filesize": 3309695,
      "width": 4608,
      "height": 2592,
      "focalX": 50,
      "focalY": 50,
      "sizes": {
        "thumbnail": {
          "url": "/api/media/file/41d5d7b0-6438-42f5-a3a6-6175c90ca622_853cb954-db50-47f4-9b87-4a5c4af092db_nile7-upscale-300x169.jpg",
          "width": 300,
          "height": 169,
          "mimeType": "image/jpeg",
          "filesize": 15755,
          "filename": "41d5d7b0-6438-42f5-a3a6-6175c90ca622_853cb954-db50-47f4-9b87-4a5c4af092db_nile7-upscale-300x169.jpg"
        },
        "square": {
          "url": "/api/media/file/41d5d7b0-6438-42f5-a3a6-6175c90ca622_853cb954-db50-47f4-9b87-4a5c4af092db_nile7-upscale-500x500.jpg",
          "width": 500,
          "height": 500,
          "mimeType": "image/jpeg",
          "filesize": 64751,
          "filename": "41d5d7b0-6438-42f5-a3a6-6175c90ca622_853cb954-db50-47f4-9b87-4a5c4af092db_nile7-upscale-500x500.jpg"
        },
        "small": {
          "url": "/api/media/file/41d5d7b0-6438-42f5-a3a6-6175c90ca622_853cb954-db50-47f4-9b87-4a5c4af092db_nile7-upscale-600x338.jpg",
          "width": 600,
          "height": 338,
          "mimeType": "image/jpeg",
          "filesize": 53771,
          "filename": "41d5d7b0-6438-42f5-a3a6-6175c90ca622_853cb954-db50-47f4-9b87-4a5c4af092db_nile7-upscale-600x338.jpg"
        },
        "medium": {
          "url": "/api/media/file/41d5d7b0-6438-42f5-a3a6-6175c90ca622_853cb954-db50-47f4-9b87-4a5c4af092db_nile7-upscale-900x506.jpg",
          "width": 900,
          "height": 506,
          "mimeType": "image/jpeg",
          "filesize": 113351,
          "filename": "41d5d7b0-6438-42f5-a3a6-6175c90ca622_853cb954-db50-47f4-9b87-4a5c4af092db_nile7-upscale-900x506.jpg"
        },
        "large": {
          "url": "/api/media/file/41d5d7b0-6438-42f5-a3a6-6175c90ca622_853cb954-db50-47f4-9b87-4a5c4af092db_nile7-upscale-1400x788.jpg",
          "width": 1400,
          "height": 788,
          "mimeType": "image/jpeg",
          "filesize": 268571,
          "filename": "41d5d7b0-6438-42f5-a3a6-6175c90ca622_853cb954-db50-47f4-9b87-4a5c4af092db_nile7-upscale-1400x788.jpg"
        },
        "xlarge": {
          "url": "/api/media/file/41d5d7b0-6438-42f5-a3a6-6175c90ca622_853cb954-db50-47f4-9b87-4a5c4af092db_nile7-upscale-1920x1080.jpg",
          "width": 1920,
          "height": 1080,
          "mimeType": "image/jpeg",
          "filesize": 505745,
          "filename": "41d5d7b0-6438-42f5-a3a6-6175c90ca622_853cb954-db50-47f4-9b87-4a5c4af092db_nile7-upscale-1920x1080.jpg"
        },
        "og": {
          "url": "/api/media/file/41d5d7b0-6438-42f5-a3a6-6175c90ca622_853cb954-db50-47f4-9b87-4a5c4af092db_nile7-upscale-1200x630.jpg",
          "width": 1200,
          "height": 630,
          "mimeType": "image/jpeg",
          "filesize": 186462,
          "filename": "41d5d7b0-6438-42f5-a3a6-6175c90ca622_853cb954-db50-47f4-9b87-4a5c4af092db_nile7-upscale-1200x630.jpg"
        }
      }
    },
    {
      "id": 705,
      "sourceS3Key": "0f5e9c8b-4526-4f19-9a8e-60664f8be367_62856a9b-e348-4141-b2b4-b4d41f56bc0a_nile3-upscale.jpeg",
      "processingStatus": "complete",
      "processingError": null,
      "labelingStatus": "complete",
      "usedInItineraries": [
        15
      ],
      "alt": "Luxurious bedroom at Nile Safari Lodge in Uganda, featuring wooden decor and a canopy bed.",
      "caption": null,
      "location": null,
      "country": "Uganda",
      "imageType": "accommodation",
      "animals": [],
      "tags": [
        "Nile Safari Lodge",
        "Uganda",
        "luxury bedroom",
        "safari",
        "wooden decor",
        "canopy bed",
        "interior design",
        "romantic setting",
        "African lodge",
        "travel",
        "night ambience"
      ],
      "altText": "Luxurious bedroom at Nile Safari Lodge in Uganda, featuring wooden decor and a canopy bed.",
      "isHero": false,
      "quality": "high",
      "sourceItinerary": "15",
      "s3Key": null,
      "sourceUrl": null,
      "originalS3Key": "media/originals/15/0f5e9c8b-4526-4f19-9a8e-60664f8be367_62856a9b-e348-4141-b2b4-b4d41f56bc0a_nile3-upscale.jpeg",
      "imgixUrl": "https://kiuli.imgix.net/media/originals/15/0f5e9c8b-4526-4f19-9a8e-60664f8be367_62856a9b-e348-4141-b2b4-b4d41f56bc0a_nile3-upscale.jpeg?auto=format%2Ccompress&q=80",
      "sourceProperty": "Nile Safari Lodge",
      "sourceSegmentType": "stay",
      "sourceSegmentTitle": "Nile Safari Lodge",
      "sourceDayIndex": 2,
      "scene": "Elegant safari lodge bedroom with wooden decor",
      "mood": [
        "luxurious",
        "intimate"
      ],
      "timeOfDay": "night",
      "setting": [
        "lodge-interior",
        "bedroom"
      ],
      "composition": "establishing",
      "suitableFor": [
        "hero-banner",
        "article-feature",
        "gallery",
        "social",
        "print"
      ],
      "folder": null,
      "updatedAt": "2026-01-17T13:03:08.128Z",
      "createdAt": "2026-01-17T12:57:20.399Z",
      "url": "/api/media/file/0f5e9c8b-4526-4f19-9a8e-60664f8be367_62856a9b-e348-4141-b2b4-b4d41f56bc0a_nile3-upscale.jpeg",
      "thumbnailURL": "/api/media/file/0f5e9c8b-4526-4f19-9a8e-60664f8be367_62856a9b-e348-4141-b2b4-b4d41f56bc0a_nile3-upscale-300x169.jpg",
      "filename": "0f5e9c8b-4526-4f19-9a8e-60664f8be367_62856a9b-e348-4141-b2b4-b4d41f56bc0a_nile3-upscale.jpeg",
      "mimeType": "image/jpeg",
      "filesize": 2325883,
      "width": 4608,
      "height": 2592,
      "focalX": 50,
      "focalY": 50,
      "sizes": {
        "thumbnail": {
          "url": "/api/media/file/0f5e9c8b-4526-4f19-9a8e-60664f8be367_62856a9b-e348-4141-b2b4-b4d41f56bc0a_nile3-upscale-300x169.jpg",
          "width": 300,
          "height": 169,
          "mimeType": "image/jpeg",
          "filesize": 14252,
          "filename": "0f5e9c8b-4526-4f19-9a8e-60664f8be367_62856a9b-e348-4141-b2b4-b4d41f56bc0a_nile3-upscale-300x169.jpg"
        },
        "square": {
          "url": "/api/media/file/0f5e9c8b-4526-4f19-9a8e-60664f8be367_62856a9b-e348-4141-b2b4-b4d41f56bc0a_nile3-upscale-500x500.jpg",
          "width": 500,
          "height": 500,
          "mimeType": "image/jpeg",
          "filesize": 49814,
          "filename": "0f5e9c8b-4526-4f19-9a8e-60664f8be367_62856a9b-e348-4141-b2b4-b4d41f56bc0a_nile3-upscale-500x500.jpg"
        },
        "small": {
          "url": "/api/media/file/0f5e9c8b-4526-4f19-9a8e-60664f8be367_62856a9b-e348-4141-b2b4-b4d41f56bc0a_nile3-upscale-600x338.jpg",
          "width": 600,
          "height": 338,
          "mimeType": "image/jpeg",
          "filesize": 46532,
          "filename": "0f5e9c8b-4526-4f19-9a8e-60664f8be367_62856a9b-e348-4141-b2b4-b4d41f56bc0a_nile3-upscale-600x338.jpg"
        },
        "medium": {
          "url": "/api/media/file/0f5e9c8b-4526-4f19-9a8e-60664f8be367_62856a9b-e348-4141-b2b4-b4d41f56bc0a_nile3-upscale-900x506.jpg",
          "width": 900,
          "height": 506,
          "mimeType": "image/jpeg",
          "filesize": 93325,
          "filename": "0f5e9c8b-4526-4f19-9a8e-60664f8be367_62856a9b-e348-4141-b2b4-b4d41f56bc0a_nile3-upscale-900x506.jpg"
        },
        "large": {
          "url": "/api/media/file/0f5e9c8b-4526-4f19-9a8e-60664f8be367_62856a9b-e348-4141-b2b4-b4d41f56bc0a_nile3-upscale-1400x788.jpg",
          "width": 1400,
          "height": 788,
          "mimeType": "image/jpeg",
          "filesize": 204367,
          "filename": "0f5e9c8b-4526-4f19-9a8e-60664f8be367_62856a9b-e348-4141-b2b4-b4d41f56bc0a_nile3-upscale-1400x788.jpg"
        },
        "xlarge": {
          "url": "/api/media/file/0f5e9c8b-4526-4f19-9a8e-60664f8be367_62856a9b-e348-4141-b2b4-b4d41f56bc0a_nile3-upscale-1920x1080.jpg",
          "width": 1920,
          "height": 1080,
          "mimeType": "image/jpeg",
          "filesize": 365372,
          "filename": "0f5e9c8b-4526-4f19-9a8e-60664f8be367_62856a9b-e348-4141-b2b4-b4d41f56bc0a_nile3-upscale-1920x1080.jpg"
        },
        "og": {
          "url": "/api/media/file/0f5e9c8b-4526-4f19-9a8e-60664f8be367_62856a9b-e348-4141-b2b4-b4d41f56bc0a_nile3-upscale-1200x630.jpg",
          "width": 1200,
          "height": 630,
          "mimeType": "image/jpeg",
          "filesize": 143006,
          "filename": "0f5e9c8b-4526-4f19-9a8e-60664f8be367_62856a9b-e348-4141-b2b4-b4d41f56bc0a_nile3-upscale-1200x630.jpg"
        }
      }
    },
    {
      "id": 704,
      "sourceS3Key": "19d43aa4-c57c-4be1-b810-b0f24b5e6f2a_8c66e555-25d3-42bd-aeda-f01c6097a45a_nile2-upscale.jpeg",
      "processingStatus": "complete",
      "processingError": null,
      "labelingStatus": "complete",
      "usedInItineraries": [
        15
      ],
      "alt": "Beautifully set dining table at Nile Safari Lodge in Uganda, showcasing elegant rustic decor.",
      "caption": null,
      "location": null,
      "country": "Uganda",
      "imageType": "accommodation",
      "animals": [],
      "tags": [
        "Nile Safari Lodge",
        "Uganda",
        "dining",
        "rustic",
        "elegant",
        "luxurious",
        "table setup",
        "wooden decor",
        "candles",
        "intimate setting"
      ],
      "altText": "Beautifully set dining table at Nile Safari Lodge in Uganda, showcasing elegant rustic decor.",
      "isHero": false,
      "quality": "high",
      "sourceItinerary": "15",
      "s3Key": null,
      "sourceUrl": null,
      "originalS3Key": "media/originals/15/19d43aa4-c57c-4be1-b810-b0f24b5e6f2a_8c66e555-25d3-42bd-aeda-f01c6097a45a_nile2-upscale.jpeg",
      "imgixUrl": "https://kiuli.imgix.net/media/originals/15/19d43aa4-c57c-4be1-b810-b0f24b5e6f2a_8c66e555-25d3-42bd-aeda-f01c6097a45a_nile2-upscale.jpeg?auto=format%2Ccompress&q=80",
      "sourceProperty": "Nile Safari Lodge",
      "sourceSegmentType": "stay",
      "sourceSegmentTitle": "Nile Safari Lodge",
      "sourceDayIndex": 2,
      "scene": "Elegant dining setup with rustic wooden accents",
      "mood": [
        "luxurious",
        "intimate"
      ],
      "timeOfDay": "midday",
      "setting": [
        "dining",
        "lodge-interior"
      ],
      "composition": "detail",
      "suitableFor": [
        "article-feature",
        "gallery",
        "social",
        "print"
      ],
      "folder": null,
      "updatedAt": "2026-01-17T13:03:08.540Z",
      "createdAt": "2026-01-17T12:57:06.107Z",
      "url": "/api/media/file/19d43aa4-c57c-4be1-b810-b0f24b5e6f2a_8c66e555-25d3-42bd-aeda-f01c6097a45a_nile2-upscale.jpeg",
      "thumbnailURL": "/api/media/file/19d43aa4-c57c-4be1-b810-b0f24b5e6f2a_8c66e555-25d3-42bd-aeda-f01c6097a45a_nile2-upscale-300x169.jpg",
      "filename": "19d43aa4-c57c-4be1-b810-b0f24b5e6f2a_8c66e555-25d3-42bd-aeda-f01c6097a45a_nile2-upscale.jpeg",
      "mimeType": "image/jpeg",
      "filesize": 1931743,
      "width": 4632,
      "height": 2605,
      "focalX": 50,
      "focalY": 50,
      "sizes": {
        "thumbnail": {
          "url": "/api/media/file/19d43aa4-c57c-4be1-b810-b0f24b5e6f2a_8c66e555-25d3-42bd-aeda-f01c6097a45a_nile2-upscale-300x169.jpg",
          "width": 300,
          "height": 169,
          "mimeType": "image/jpeg",
          "filesize": 18344,
          "filename": "19d43aa4-c57c-4be1-b810-b0f24b5e6f2a_8c66e555-25d3-42bd-aeda-f01c6097a45a_nile2-upscale-300x169.jpg"
        },
        "square": {
          "url": "/api/media/file/19d43aa4-c57c-4be1-b810-b0f24b5e6f2a_8c66e555-25d3-42bd-aeda-f01c6097a45a_nile2-upscale-500x500.jpg",
          "width": 500,
          "height": 500,
          "mimeType": "image/jpeg",
          "filesize": 67606,
          "filename": "19d43aa4-c57c-4be1-b810-b0f24b5e6f2a_8c66e555-25d3-42bd-aeda-f01c6097a45a_nile2-upscale-500x500.jpg"
        },
        "small": {
          "url": "/api/media/file/19d43aa4-c57c-4be1-b810-b0f24b5e6f2a_8c66e555-25d3-42bd-aeda-f01c6097a45a_nile2-upscale-600x337.jpg",
          "width": 600,
          "height": 337,
          "mimeType": "image/jpeg",
          "filesize": 58582,
          "filename": "19d43aa4-c57c-4be1-b810-b0f24b5e6f2a_8c66e555-25d3-42bd-aeda-f01c6097a45a_nile2-upscale-600x337.jpg"
        },
        "medium": {
          "url": "/api/media/file/19d43aa4-c57c-4be1-b810-b0f24b5e6f2a_8c66e555-25d3-42bd-aeda-f01c6097a45a_nile2-upscale-900x506.jpg",
          "width": 900,
          "height": 506,
          "mimeType": "image/jpeg",
          "filesize": 113537,
          "filename": "19d43aa4-c57c-4be1-b810-b0f24b5e6f2a_8c66e555-25d3-42bd-aeda-f01c6097a45a_nile2-upscale-900x506.jpg"
        },
        "large": {
          "url": "/api/media/file/19d43aa4-c57c-4be1-b810-b0f24b5e6f2a_8c66e555-25d3-42bd-aeda-f01c6097a45a_nile2-upscale-1400x787.jpg",
          "width": 1400,
          "height": 787,
          "mimeType": "image/jpeg",
          "filesize": 231542,
          "filename": "19d43aa4-c57c-4be1-b810-b0f24b5e6f2a_8c66e555-25d3-42bd-aeda-f01c6097a45a_nile2-upscale-1400x787.jpg"
        },
        "xlarge": {
          "url": "/api/media/file/19d43aa4-c57c-4be1-b810-b0f24b5e6f2a_8c66e555-25d3-42bd-aeda-f01c6097a45a_nile2-upscale-1920x1080.jpg",
          "width": 1920,
          "height": 1080,
          "mimeType": "image/jpeg",
          "filesize": 380846,
          "filename": "19d43aa4-c57c-4be1-b810-b0f24b5e6f2a_8c66e555-25d3-42bd-aeda-f01c6097a45a_nile2-upscale-1920x1080.jpg"
        },
        "og": {
          "url": "/api/media/file/19d43aa4-c57c-4be1-b810-b0f24b5e6f2a_8c66e555-25d3-42bd-aeda-f01c6097a45a_nile2-upscale-1200x630.jpg",
          "width": 1200,
          "height": 630,
          "mimeType": "image/jpeg",
          "filesize": 170735,
          "filename": "19d43aa4-c57c-4be1-b810-b0f24b5e6f2a_8c66e555-25d3-42bd-aeda-f01c6097a45a_nile2-upscale-1200x630.jpg"
        }
      }
    },
    {
      "id": 703,
      "sourceS3Key": "a8a6c151-2e00-478b-b0df-ac9c9d9dbac6_c1ec7664-8420-4932-beab-84d23bb55bb0_nile-upscale.jpeg",
      "processingStatus": "complete",
      "processingError": null,
      "labelingStatus": "complete",
      "usedInItineraries": [
        15
      ],
      "alt": "Rustic seating area under a thatched roof at Nile Safari Lodge in Uganda.",
      "caption": null,
      "location": null,
      "country": "Uganda",
      "imageType": "accommodation",
      "animals": [],
      "tags": [
        "Nile Safari Lodge",
        "Uganda",
        "lodge",
        "rustic",
        "wooden",
        "thatched roof",
        "seating area",
        "interior",
        "luxury",
        "nature"
      ],
      "altText": "Rustic seating area under a thatched roof at Nile Safari Lodge in Uganda.",
      "isHero": false,
      "quality": "high",
      "sourceItinerary": "15",
      "s3Key": null,
      "sourceUrl": null,
      "originalS3Key": "media/originals/15/a8a6c151-2e00-478b-b0df-ac9c9d9dbac6_c1ec7664-8420-4932-beab-84d23bb55bb0_nile-upscale.jpeg",
      "imgixUrl": "https://kiuli.imgix.net/media/originals/15/a8a6c151-2e00-478b-b0df-ac9c9d9dbac6_c1ec7664-8420-4932-beab-84d23bb55bb0_nile-upscale.jpeg?auto=format%2Ccompress&q=80",
      "sourceProperty": "Nile Safari Lodge",
      "sourceSegmentType": "stay",
      "sourceSegmentTitle": "Nile Safari Lodge",
      "sourceDayIndex": 2,
      "scene": "Rustic lounge area with wooden thatched roof",
      "mood": [
        "serene",
        "luxurious"
      ],
      "timeOfDay": "afternoon",
      "setting": [
        "lodge-interior"
      ],
      "composition": "establishing",
      "suitableFor": [
        "hero-banner",
        "article-feature",
        "gallery",
        "social"
      ],
      "folder": null,
      "updatedAt": "2026-01-17T13:03:08.890Z",
      "createdAt": "2026-01-17T12:56:51.491Z",
      "url": "/api/media/file/a8a6c151-2e00-478b-b0df-ac9c9d9dbac6_c1ec7664-8420-4932-beab-84d23bb55bb0_nile-upscale.jpeg",
      "thumbnailURL": "/api/media/file/a8a6c151-2e00-478b-b0df-ac9c9d9dbac6_c1ec7664-8420-4932-beab-84d23bb55bb0_nile-upscale-300x169.jpg",
      "filename": "a8a6c151-2e00-478b-b0df-ac9c9d9dbac6_c1ec7664-8420-4932-beab-84d23bb55bb0_nile-upscale.jpeg",
      "mimeType": "image/jpeg",
      "filesize": 3241996,
      "width": 4632,
      "height": 2605,
      "focalX": 50,
      "focalY": 50,
      "sizes": {
        "thumbnail": {
          "url": "/api/media/file/a8a6c151-2e00-478b-b0df-ac9c9d9dbac6_c1ec7664-8420-4932-beab-84d23bb55bb0_nile-upscale-300x169.jpg",
          "width": 300,
          "height": 169,
          "mimeType": "image/jpeg",
          "filesize": 19486,
          "filename": "a8a6c151-2e00-478b-b0df-ac9c9d9dbac6_c1ec7664-8420-4932-beab-84d23bb55bb0_nile-upscale-300x169.jpg"
        },
        "square": {
          "url": "/api/media/file/a8a6c151-2e00-478b-b0df-ac9c9d9dbac6_c1ec7664-8420-4932-beab-84d23bb55bb0_nile-upscale-500x500.jpg",
          "width": 500,
          "height": 500,
          "mimeType": "image/jpeg",
          "filesize": 76621,
          "filename": "a8a6c151-2e00-478b-b0df-ac9c9d9dbac6_c1ec7664-8420-4932-beab-84d23bb55bb0_nile-upscale-500x500.jpg"
        },
        "small": {
          "url": "/api/media/file/a8a6c151-2e00-478b-b0df-ac9c9d9dbac6_c1ec7664-8420-4932-beab-84d23bb55bb0_nile-upscale-600x337.jpg",
          "width": 600,
          "height": 337,
          "mimeType": "image/jpeg",
          "filesize": 68213,
          "filename": "a8a6c151-2e00-478b-b0df-ac9c9d9dbac6_c1ec7664-8420-4932-beab-84d23bb55bb0_nile-upscale-600x337.jpg"
        },
        "medium": {
          "url": "/api/media/file/a8a6c151-2e00-478b-b0df-ac9c9d9dbac6_c1ec7664-8420-4932-beab-84d23bb55bb0_nile-upscale-900x506.jpg",
          "width": 900,
          "height": 506,
          "mimeType": "image/jpeg",
          "filesize": 145735,
          "filename": "a8a6c151-2e00-478b-b0df-ac9c9d9dbac6_c1ec7664-8420-4932-beab-84d23bb55bb0_nile-upscale-900x506.jpg"
        },
        "large": {
          "url": "/api/media/file/a8a6c151-2e00-478b-b0df-ac9c9d9dbac6_c1ec7664-8420-4932-beab-84d23bb55bb0_nile-upscale-1400x787.jpg",
          "width": 1400,
          "height": 787,
          "mimeType": "image/jpeg",
          "filesize": 335927,
          "filename": "a8a6c151-2e00-478b-b0df-ac9c9d9dbac6_c1ec7664-8420-4932-beab-84d23bb55bb0_nile-upscale-1400x787.jpg"
        },
        "xlarge": {
          "url": "/api/media/file/a8a6c151-2e00-478b-b0df-ac9c9d9dbac6_c1ec7664-8420-4932-beab-84d23bb55bb0_nile-upscale-1920x1080.jpg",
          "width": 1920,
          "height": 1080,
          "mimeType": "image/jpeg",
          "filesize": 595205,
          "filename": "a8a6c151-2e00-478b-b0df-ac9c9d9dbac6_c1ec7664-8420-4932-beab-84d23bb55bb0_nile-upscale-1920x1080.jpg"
        },
        "og": {
          "url": "/api/media/file/a8a6c151-2e00-478b-b0df-ac9c9d9dbac6_c1ec7664-8420-4932-beab-84d23bb55bb0_nile-upscale-1200x630.jpg",
          "width": 1200,
          "height": 630,
          "mimeType": "image/jpeg",
          "filesize": 236472,
          "filename": "a8a6c151-2e00-478b-b0df-ac9c9d9dbac6_c1ec7664-8420-4932-beab-84d23bb55bb0_nile-upscale-1200x630.jpg"
        }
      }
    },
    {
      "id": 702,
      "sourceS3Key": "077aff1e-37a7-45f7-ae21-c0e238a5ba8c_escape-the-ordinary-at-upscale.jpeg",
      "processingStatus": "complete",
      "processingError": null,
      "labelingStatus": "complete",
      "usedInItineraries": [
        15
      ],
      "alt": "Nile Safari Lodge in Uganda featuring a thatched roof lodge with pool at dusk.",
      "caption": null,
      "location": null,
      "country": "Uganda",
      "imageType": "accommodation",
      "animals": [],
      "tags": [
        "Nile Safari Lodge",
        "Uganda",
        "lodge",
        "pool",
        "thatched roof",
        "dusk",
        "luxury",
        "serene",
        "travel",
        "architecture"
      ],
      "altText": "Nile Safari Lodge in Uganda featuring a thatched roof lodge with pool at dusk.",
      "isHero": false,
      "quality": "high",
      "sourceItinerary": "15",
      "s3Key": null,
      "sourceUrl": null,
      "originalS3Key": "media/originals/15/077aff1e-37a7-45f7-ae21-c0e238a5ba8c_escape-the-ordinary-at-upscale.jpeg",
      "imgixUrl": "https://kiuli.imgix.net/media/originals/15/077aff1e-37a7-45f7-ae21-c0e238a5ba8c_escape-the-ordinary-at-upscale.jpeg?auto=format%2Ccompress&q=80",
      "sourceProperty": "Nile Safari Lodge",
      "sourceSegmentType": "stay",
      "sourceSegmentTitle": "Nile Safari Lodge",
      "sourceDayIndex": 2,
      "scene": "Thatched lodge with inviting pool at dusk",
      "mood": [
        "luxurious",
        "serene"
      ],
      "timeOfDay": "dusk",
      "setting": [
        "lodge-exterior",
        "pool-deck"
      ],
      "composition": "panoramic",
      "suitableFor": [
        "hero-banner",
        "article-feature",
        "gallery",
        "social",
        "print"
      ],
      "folder": null,
      "updatedAt": "2026-01-17T13:03:20.620Z",
      "createdAt": "2026-01-17T12:56:37.155Z",
      "url": "/api/media/file/077aff1e-37a7-45f7-ae21-c0e238a5ba8c_escape-the-ordinary-at-upscale.jpeg",
      "thumbnailURL": "/api/media/file/077aff1e-37a7-45f7-ae21-c0e238a5ba8c_escape-the-ordinary-at-upscale-300x169.jpg",
      "filename": "077aff1e-37a7-45f7-ae21-c0e238a5ba8c_escape-the-ordinary-at-upscale.jpeg",
      "mimeType": "image/jpeg",
      "filesize": 1661630,
      "width": 4619,
      "height": 2595,
      "focalX": 50,
      "focalY": 50,
      "sizes": {
        "thumbnail": {
          "url": "/api/media/file/077aff1e-37a7-45f7-ae21-c0e238a5ba8c_escape-the-ordinary-at-upscale-300x169.jpg",
          "width": 300,
          "height": 169,
          "mimeType": "image/jpeg",
          "filesize": 11347,
          "filename": "077aff1e-37a7-45f7-ae21-c0e238a5ba8c_escape-the-ordinary-at-upscale-300x169.jpg"
        },
        "square": {
          "url": "/api/media/file/077aff1e-37a7-45f7-ae21-c0e238a5ba8c_escape-the-ordinary-at-upscale-500x500.jpg",
          "width": 500,
          "height": 500,
          "mimeType": "image/jpeg",
          "filesize": 37820,
          "filename": "077aff1e-37a7-45f7-ae21-c0e238a5ba8c_escape-the-ordinary-at-upscale-500x500.jpg"
        },
        "small": {
          "url": "/api/media/file/077aff1e-37a7-45f7-ae21-c0e238a5ba8c_escape-the-ordinary-at-upscale-600x337.jpg",
          "width": 600,
          "height": 337,
          "mimeType": "image/jpeg",
          "filesize": 36592,
          "filename": "077aff1e-37a7-45f7-ae21-c0e238a5ba8c_escape-the-ordinary-at-upscale-600x337.jpg"
        },
        "medium": {
          "url": "/api/media/file/077aff1e-37a7-45f7-ae21-c0e238a5ba8c_escape-the-ordinary-at-upscale-900x506.jpg",
          "width": 900,
          "height": 506,
          "mimeType": "image/jpeg",
          "filesize": 74323,
          "filename": "077aff1e-37a7-45f7-ae21-c0e238a5ba8c_escape-the-ordinary-at-upscale-900x506.jpg"
        },
        "large": {
          "url": "/api/media/file/077aff1e-37a7-45f7-ae21-c0e238a5ba8c_escape-the-ordinary-at-upscale-1400x787.jpg",
          "width": 1400,
          "height": 787,
          "mimeType": "image/jpeg",
          "filesize": 163532,
          "filename": "077aff1e-37a7-45f7-ae21-c0e238a5ba8c_escape-the-ordinary-at-upscale-1400x787.jpg"
        },
        "xlarge": {
          "url": "/api/media/file/077aff1e-37a7-45f7-ae21-c0e238a5ba8c_escape-the-ordinary-at-upscale-1920x1079.jpg",
          "width": 1920,
          "height": 1079,
          "mimeType": "image/jpeg",
          "filesize": 282823,
          "filename": "077aff1e-37a7-45f7-ae21-c0e238a5ba8c_escape-the-ordinary-at-upscale-1920x1079.jpg"
        },
        "og": {
          "url": "/api/media/file/077aff1e-37a7-45f7-ae21-c0e238a5ba8c_escape-the-ordinary-at-upscale-1200x630.jpg",
          "width": 1200,
          "height": 630,
          "mimeType": "image/jpeg",
          "filesize": 121824,
          "filename": "077aff1e-37a7-45f7-ae21-c0e238a5ba8c_escape-the-ordinary-at-upscale-1200x630.jpg"
        }
      }
    }
  ],
  "hasNextPage": true,
  "hasPrevPage": false,
  "limit": 20,
  "nextPage": 2,
  "page": 1,
  "pagingCounter": 1,
  "prevPage": null,
  "totalDocs": 179,
  "totalPages": 9
}
